idade;sexo;experiencia;lingua;media_1osem;media_2osem;salario;avaliacao_geral;admissao_bruto;admissao_quant;admissao_verbal;admissao_geral;;;;;;;;;;;;;
32;Masculino;5;Português;8,5;7,5;0;7,1;782;99;100;100;;;;;;;;;;;;;
32;Masculino;5;Português;8,5;7,5;0;7,1;764;101;99;101;;;;;;;;;;;;;
24;Feminino;2;Português;9,0;9,4;-100;7,1;693;90;96;99;;;;;;;;;;;;;
24;Masculino;1;Português;7,5;8,1;26.577;8,6;620;85;80;88;;;;;;;;;;;;;
27;Masculino;3;Português;8,0;7,5;23.631;8,6;634;98;62;89;;;;;;;;;;;;;
25;Masculino;2;Português;6,5;5,4;21.099;10;651;99;72;95;;;;;;;;;;;;;
25;Feminino;3;Português;6,3;6,3;-100;10;641;86;90;92;;;;;;;;;;;;;
25;Feminino;2;Português;7,8;8,2;21.112;7,1;618;88;75;87;;;;;;;;;;;;;
25;Feminino;2;Português;7,0;6,9;22.970;8,6;643;83;88;88;;;;;;;;;;;;;
27;Masculino;3;Português;7,5;6,9;0;8,6;600;61;87;79;;;;;;;;;;;;;
26;Feminino;2;Português;10,0;10,0;-200;-200;646;69;99;92;;;;;;;;;;;;;
24;Masculino;0;Outra;7,8;7,5;0;7,1;559;72;64;71;;;;;;;;;;;;;
30;Feminino;8;Português;8,3;8,1;27.870;8,6;683;88;94;97;;;;;;;;;;;;;
25;Masculino;3;Português;6,8;7,5;-100;8,6;667;94;83;93;;;;;;;;;;;;;
25;Masculino;2;Outra;8,3;8,1;-100;5,7;612;78;92;90;;;;;;;;;;;;;
25;Masculino;2;Português;6,0;6,9;0;8,6;731;97;93;97;;;;;;;;;;;;;
27;Masculino;3;Português;8,5;8,1;0;8,6;593;73;69;77;;;;;;;;;;;;;
34;Masculino;16;Português;7,5;7,5;24.222;7,1;540;73;59;68;;;;;;;;;;;;;
27;Masculino;3;Português;8,3;8,1;24.829;7,1;642;92;74;90;;;;;;;;;;;;;
27;Feminino;3;Português;7,3;7,5;0;5,7;545;67;61;70;;;;;;;;;;;;;
26;Masculino;2;Português;8,5;10,0;-200;-200;711;100;96;101;;;;;;;;;;;;;
26;Masculino;3;Português;6,3;5,6;-200;-200;603;86;60;83;;;;;;;;;;;;;
25;Feminino;3;Português;8,5;8,1;20.408;10;662;81;90;92;;;;;;;;;;;;;
25;Feminino;3;Português;7,5;6,9;-200;-200;631;84;88;89;;;;;;;;;;;;;
25;Masculino;2;Português;7,8;8,1;-200;-200;653;94;81;98;;;;;;;;;;;;;
25;Masculino;2;Outra;6,3;6,9;-100;5,7;583;94;40;79;;;;;;;;;;;;;
25;Masculino;2;Português;6,5;5,4;21.138;10;653;99;72;96;;;;;;;;;;;;;
22;Masculino;1;Português;7,5;7,5;0;7,1;604;94;54;84;;;;;;;;;;;;;
28;Masculino;4;Português;8,0;7,9;24.115;7,1;560;74;59;71;;;;;;;;;;;;;
30;Masculino;4;Português;7,5;7,5;0;7,1;666;96;88;95;;;;;;;;;;;;;
27;Masculino;4;Português;6,3;6,3;-100;5,7;649;96;80;93;;;;;;;;;;;;;
23;Feminino;2;Português;8,5;7,5;0;10;607;78;88;86;;;;;;;;;;;;;
25;Masculino;1;Português;9,0;9,4;37.458;7,1;688;97;94;97;;;;;;;;;;;;;
24;Feminino;2;Português;6,4;7,5;23.201;8,6;588;90;66;84;;;;;;;;;;;;;
32;Masculino;7;Português;9,0;9,4;0;8,6;644;78;89;92;;;;;;;;;;;;;
24;Masculino;2;Português;6,8;7,1;24.216;7,1;594;88;53;79;;;;;;;;;;;;;
27;Masculino;3;Português;6,8;8,1;-200;-200;654;80;94;94;;;;;;;;;;;;;
25;Feminino;3;Português;9,0;9,2;22.039;4,3;532;49;61;62;;;;;;;;;;;;;
27;Masculino;4;Português;7,0;6,9;22.416;10;630;80;88;89;;;;;;;;;;;;;
31;Feminino;10;Português;8,3;9,4;0;10;550;61;78;72;;;;;;;;;;;;;
25;Masculino;2;Português;6,8;6,3;20.702;7,1;614;74;94;88;;;;;;;;;;;;;
31;Feminino;10;Português;8,3;9,4;0;10;552;61;79;73;;;;;;;;;;;;;
32;Masculino;7;Português;9,0;9,4;0;8,6;641;80;90;90;;;;;;;;;;;;;
27;Masculino;4;Português;8,0;7,5;26.597;8,6;631;73;96;88;;;;;;;;;;;;;
26;Feminino;1;Português;7,8;8,2;18.837;10;674;86;94;96;;;;;;;;;;;;;
27;Masculino;1;Outra;8,5;8,8;0;7,1;752;100;97;101;;;;;;;;;;;;;
29;Masculino;8;Português;6,3;7,5;23.471;8,6;643;92;89;94;;;;;;;;;;;;;
26;Masculino;2;Português;6,8;6,9;0;8,6;535;53;71;67;;;;;;;;;;;;;
26;Masculino;3;Português;6,8;7,5;-200;-200;629;84;86;89;;;;;;;;;;;;;
28;Masculino;4;Português;6,4;7,5;24.953;8,6;574;57;85;74;;;;;;;;;;;;;
28;Masculino;3;Português;6,0;6,9;-100;5,7;608;92;70;86;;;;;;;;;;;;;
27;Masculino;2;Português;8,8;10,0;-200;-200;629;81;88;90;;;;;;;;;;;;;
30;Masculino;2;Português;8,6;9,6;0;8,6;666;85;96;91;;;;;;;;;;;;;
29;Masculino;3;Outra;7,0;6,9;0;7,1;568;91;60;79;;;;;;;;;;;;;
31;Masculino;4;Português;8,0;8,5;-100;8,6;655;82;99;97;;;;;;;;;;;;;
28;Feminino;5;Português;7,8;7,5;0;8,6;608;84;79;85;;;;;;;;;;;;;
27;Masculino;5;Português;6,0;5,6;20.830;7,1;653;90;88;94;;;;;;;;;;;;;
25;Masculino;1;Português;8,3;8,8;22.075;10;666;78;94;94;;;;;;;;;;;;;
25;Masculino;1;Português;7,3;8,1;0;8,6;696;99;90;97;;;;;;;;;;;;;
23;Masculino;2;Português;6,3;5,0;17.666;8,6;653;82;98;95;;;;;;;;;;;;;
34;Masculino;16;Português;7,5;7,5;24.204;7,1;540;73;59;68;;;;;;;;;;;;;
27;Masculino;4;Português;9,3;10,0;26.535;7,1;577;96;34;76;;;;;;;;;;;;;
25;Masculino;1;Português;9,0;9,4;37.389;7,1;689;97;94;97;;;;;;;;;;;;;
24;Masculino;2;Português;7,7;8,8;0;8,6;572;81;58;75;;;;;;;;;;;;;
24;Masculino;1;Português;7,5;8,1;26.613;8,6;621;85;80;88;;;;;;;;;;;;;
27;Masculino;1;Português;9,0;8,8;26.709;7,1;723;94;96;97;;;;;;;;;;;;;
26;Masculino;3;Português;8,0;7,9;24.216;8,6;696;83;97;97;;;;;;;;;;;;;
25;Masculino;3;Português;8,8;8,1;25.023;8,6;595;83;73;84;;;;;;;;;;;;;
28;Masculino;5;Português;9,5;10,0;27.736;7,1;712;96;94;99;;;;;;;;;;;;;
29;Masculino;3;Português;9,1;8,3;0;7,1;590;56;88;78;;;;;;;;;;;;;
27;Masculino;1;Outra;8,5;8,8;0;7,1;750;100;98;101;;;;;;;;;;;;;
30;Masculino;7;Português;9,5;8,8;-200;-200;627;83;87;90;;;;;;;;;;;;;
28;Masculino;3;Português;6,4;7,5;22.380;8,6;581;71;70;79;;;;;;;;;;;;;
29;Feminino;4;Português;7,0;7,5;0;7,1;686;89;97;96;;;;;;;;;;;;;
32;Masculino;2;Outra;5,1;8,8;24.676;10;664;84;96;93;;;;;;;;;;;;;
30;Feminino;6;Português;9,3;9,0;24.513;8,6;673;94;86;94;;;;;;;;;;;;;
30;Feminino;6;Português;9,3;9,0;24.462;8,6;674;95;86;95;;;;;;;;;;;;;
27;Masculino;1;Português;9,0;8,8;26.718;7,1;724;94;97;97;;;;;;;;;;;;;
27;Masculino;4;Português;6,0;6,3;-100;8,6;785;99;99;99;;;;;;;;;;;;;
25;Masculino;2;Português;8,0;7,9;21.928;8,6;685;96;90;96;;;;;;;;;;;;;
30;Masculino;6;Português;7,0;6,9;23.508;7,1;679;84;99;96;;;;;;;;;;;;;
25;Masculino;2;Português;8,5;8,8;0;7,1;625;92;74;89;;;;;;;;;;;;;
25;Feminino;3;Português;9,0;9,2;21.999;4,3;534;49;61;62;;;;;;;;;;;;;
28;Masculino;4;Português;6,8;6,3;-200;-200;469;66;17;36;;;;;;;;;;;;;
27;Masculino;3;Português;8,0;7,5;23.663;8,6;633;98;62;89;;;;;;;;;;;;;
25;Masculino;2;Português;5,8;8,1;20.697;10;584;77;68;79;;;;;;;;;;;;;
25;Masculino;2;Português;7,5;6,9;-200;-200;687;93;93;101;;;;;;;;;;;;;
26;Masculino;4;Português;7,0;8,1;0;8,6;551;56;78;73;;;;;;;;;;;;;
27;Masculino;3;Português;7,3;8,1;-200;-200;606;67;84;81;;;;;;;;;;;;;
26;Feminino;3;Português;8,0;8,1;0;8,6;576;63;72;72;;;;;;;;;;;;;
26;Masculino;3;Português;7,3;6,9;0;8,6;604;81;80;85;;;;;;;;;;;;;
26;Masculino;3;Português;6,5;5,4;23.325;8,6;630;95;70;90;;;;;;;;;;;;;
28;Masculino;5;Português;9,5;10,0;27.793;7,1;713;97;94;99;;;;;;;;;;;;;
25;Masculino;2;Português;8,3;7,8;24.138;10;642;94;83;94;;;;;;;;;;;;;
25;Masculino;3;Português;8,2;7,8;21.831;8,6;612;86;70;87;;;;;;;;;;;;;
28;Masculino;4;Outra;7,3;7,5;-200;-200;628;97;64;90;;;;;;;;;;;;;
24;Feminino;2;Português;6,0;5,0;14.765;10;559;54;77;70;;;;;;;;;;;;;
24;Masculino;2;Português;7,8;7,5;33.790;8,6;606;89;73;88;;;;;;;;;;;;;
25;Masculino;2;Outra;6,3;6,9;-100;5,7;597;96;40;80;;;;;;;;;;;;;
26;Masculino;2;Português;7,7;8,2;24.647;7,1;608;83;66;82;;;;;;;;;;;;;
31;Masculino;6;Português;9,0;8,8;24.225;8,6;569;71;70;76;;;;;;;;;;;;;
25;Masculino;2;Português;8,2;9,4;0;7,1;675;93;82;91;;;;;;;;;;;;;
24;Masculino;2;Português;8,5;9,2;23.005;8,6;566;82;49;70;;;;;;;;;;;;;
32;Masculino;4;Português;8,8;8,8;-100;5,7;563;72;70;1;;;;;;;;;;;;;
23;Feminino;2;Português;8,5;7,5;0;10;619;78;88;86;;;;;;;;;;;;;
28;Masculino;6;Português;8,5;9,4;0;8,6;730;94;99;100;;;;;;;;;;;;;
25;Masculino;2;Português;7,8;8,1;-200;-200;651;94;80;94;;;;;;;;;;;;;
25;Masculino;2;Outra;8,0;8,1;-200;-200;668;101;74;95;;;;;;;;;;;;;
26;Masculino;2;Português;6,5;5,0;0;7,1;671;92;88;96;;;;;;;;;;;;;
31;Masculino;8;Português;7,8;7,5;21.499;8,6;541;59;61;64;;;;;;;;;;;;;
26;Masculino;4;Português;6,8;8,0;-100;7,1;633;86;85;92;;;;;;;;;;;;;
48;Masculino;22;Português;9,5;10,0;0;8,6;596;85;61;80;;;;;;;;;;;;;
42;Feminino;13;Português;8,5;7,5;0;7,1;648;76;97;92;;;;;;;;;;;;;
31;Masculino;4;Português;7,7;7,5;23.201;8,6;561;69;68;73;;;;;;;;;;;;;
30;Masculino;8;Português;8,8;7,5;24.562;10;623;61;95;87;;;;;;;;;;;;;
27;Feminino;2;Outra;6,8;6,9;-100;2,9;617;100;54;87;;;;;;;;;;;;;
25;Masculino;3;Português;8,8;8,8;24.099;8,6;558;75;49;67;;;;;;;;;;;;;
22;Masculino;1;Português;7,5;7,5;0;7,1;619;97;54;81;;;;;;;;;;;;;
28;Feminino;4;Outra;7,8;9,4;-200;-200;456;50;23;45;;;;;;;;;;;;;
27;Feminino;2;Português;6,0;6,3;0;7,1;549;60;73;74;;;;;;;;;;;;;
29;Masculino;8;Português;6,3;7,5;23.406;8,6;641;93;89;94;;;;;;;;;;;;;
24;Masculino;0;Português;8,3;8,1;21.997;5,7;677;83;97;96;;;;;;;;;;;;;
25;Feminino;2;Português;7,8;8,2;21.136;7,1;617;88;75;88;;;;;;;;;;;;;
27;Masculino;3;Português;6,8;7,5;-200;-200;592;78;82;83;;;;;;;;;;;;;
27;Masculino;4;Outra;6,8;6,3;0;7,1;603;97;46;86;;;;;;;;;;;;;
32;Masculino;7;Português;9,0;9,4;0;8,6;631;79;88;92;;;;;;;;;;;;;
27;Feminino;2;Português;6,0;6,3;0;7,1;554;61;72;75;;;;;;;;;;;;;
30;Masculino;4;Português;7,5;7,5;0;7,1;649;94;88;94;;;;;;;;;;;;;
24;Feminino;2;Português;6,4;7,5;23.258;8,6;588;90;66;84;;;;;;;;;;;;;
27;Masculino;3;Outra;8,3;8,8;-200;-200;606;74;78;81;;;;;;;;;;;;;
25;Masculino;2;Português;6,3;7,5;-100;5,7;594;52;94;85;;;;;;;;;;;;;
29;Masculino;4;Português;7,0;7,5;-100;7,1;547;56;76;71;;;;;;;;;;;;;
24;Masculino;2;Português;7,0;6,9;0;10;737;98;96;99;;;;;;;;;;;;;
26;Masculino;3;Português;8,8;8,8;-200;-200;715;96;96;99;;;;;;;;;;;;;
27;Masculino;3;Português;7,5;7,5;24.152;7,1;624;82;88;88;;;;;;;;;;;;;
29;Masculino;3;Português;8,3;8,1;0;7,1;661;89;91;96;;;;;;;;;;;;;
29;Feminino;5;Português;6,4;7,5;21.925;10;568;65;72;71;;;;;;;;;;;;;
27;Masculino;1;Português;8,3;7,5;-100;7,1;627;85;83;88;;;;;;;;;;;;;
25;Masculino;4;Português;6,8;8,1;-200;-200;620;89;63;83;;;;;;;;;;;;;
29;Feminino;3;Português;8,0;7,5;0;7,1;642;92;82;93;;;;;;;;;;;;;
25;Masculino;4;Português;6,8;8,1;-200;-200;615;90;63;82;;;;;;;;;;;;;
27;Masculino;2;Português;7,3;7,5;0;8,6;629;90;83;94;;;;;;;;;;;;;
25;Feminino;1;Português;8,3;8,8;21.853;7,1;572;53;80;71;;;;;;;;;;;;;
27;Feminino;2;Português;8,3;8,1;19.617;8,6;699;93;97;97;;;;;;;;;;;;;
26;Masculino;3;Português;7,5;7,5;0;8,6;566;88;40;71;;;;;;;;;;;;;
27;Masculino;3;Português;6,8;6,9;20.486;8,6;627;88;75;88;;;;;;;;;;;;;
31;Masculino;6;Português;7,5;8,1;-200;-200;560;81;67;79;;;;;;;;;;;;;
28;Masculino;4;Português;6,4;7,5;22.749;10;596;88;68;87;;;;;;;;;;;;;
31;Masculino;6;Português;7,5;8,1;-200;-200;555;82;65;82;;;;;;;;;;;;;
27;Masculino;3;Português;7,3;8,1;-200;-200;610;67;86;82;;;;;;;;;;;;;
31;Masculino;4;Português;7,7;7,5;23.164;8,6;561;69;68;73;;;;;;;;;;;;;
32;Feminino;11;Português;8,1;5,0;0;10;612;63;88;85;;;;;;;;;;;;;
29;Masculino;7;Português;5,8;5,6;-100;7,1;677;100;90;99;;;;;;;;;;;;;
25;Masculino;2;Português;8,0;7,9;21.879;8,6;684;96;90;96;;;;;;;;;;;;;
25;Feminino;1;Português;8,3;8,8;21.828;7,1;572;53;80;71;;;;;;;;;;;;;
25;Masculino;2;Português;7,5;7,5;-200;-200;682;92;96;98;;;;;;;;;;;;;
29;Masculino;5;Português;8,2;8,5;0;7,1;500;58;49;55;;;;;;;;;;;;;
25;Feminino;2;Português;5,7;8,1;22.713;8,6;589;71;70;79;;;;;;;;;;;;;
30;Masculino;5;Português;8,8;8,1;27.709;8,6;590;78;82;83;;;;;;;;;;;;;
32;Masculino;5;Outra;5,8;5,6;0;7,1;494;80;23;52;;;;;;;;;;;;;
32;Masculino;7;Português;6,8;6,9;0;8,6;546;51;77;72;;;;;;;;;;;;;
24;Masculino;2;Português;8,3;8,1;0;8,6;648;99;79;94;;;;;;;;;;;;;
27;Masculino;3;Português;7,5;7,5;24.187;7,1;624;82;88;88;;;;;;;;;;;;;
29;Masculino;3;Português;7,3;7,0;-100;5,7;626;87;84;89;;;;;;;;;;;;;
28;Feminino;5;Português;8,5;9,4;21.369;7,1;609;53;97;86;;;;;;;;;;;;;
24;Masculino;2;Português;7,0;6,9;0;10;723;97;96;99;;;;;;;;;;;;;
26;Masculino;2;Português;8,5;10,0;-200;-200;701;99;100;98;;;;;;;;;;;;;
26;Feminino;3;Português;8,0;8,1;0;8,6;575;63;72;71;;;;;;;;;;;;;
25;Masculino;3;Português;7,5;7,5;-200;-200;692;97;88;95;;;;;;;;;;;;;
28;Feminino;5;Outra;7,8;7,5;22.945;8,6;582;84;57;78;;;;;;;;;;;;;
27;Masculino;4;Português;6,8;7,5;-200;-200;611;48;97;85;;;;;;;;;;;;;
27;Feminino;2;Outra;6,8;6,9;-100;2,9;614;98;56;89;;;;;;;;;;;;;
26;Masculino;2;Português;5,5;5,6;0;8,6;612;74;77;84;;;;;;;;;;;;;
27;Masculino;2;Português;8,3;8,8;21.216;8,6;696;95;97;100;;;;;;;;;;;;;
24;Feminino;2;Português;9,0;9,4;-100;7,1;698;94;99;101;;;;;;;;;;;;;
24;Masculino;1;Português;7,5;8,1;26.561;8,6;621;85;80;88;;;;;;;;;;;;;
25;Feminino;2;Português;8,3;9,4;0;8,6;641;89;88;93;;;;;;;;;;;;;
29;Feminino;5;Português;6,4;7,5;21.987;10;566;65;72;71;;;;;;;;;;;;;
43;Masculino;22;Português;7,3;8,1;0;7,1;487;48;42;44;;;;;;;;;;;;;
24;Masculino;3;Português;6,4;7,5;23.071;8,6;701;99;93;99;;;;;;;;;;;;;
26;Feminino;3;Outra;7,5;6,9;22.693;7,1;566;91;36;74;;;;;;;;;;;;;
26;Masculino;3;Português;5,7;6,1;29.265;8,6;558;73;59;70;;;;;;;;;;;;;
48;Masculino;22;Português;9,5;10,0;0;8,6;584;87;62;79;;;;;;;;;;;;;
24;Masculino;2;Português;6,8;7,5;0;10;654;93;88;95;;;;;;;;;;;;;
30;Masculino;5;Português;8,3;8,1;24.381;8,6;585;61;90;82;;;;;;;;;;;;;
25;Masculino;2;Português;8,6;9,2;-200;-200;671;99;82;97;;;;;;;;;;;;;
36;Feminino;7;Português;7,5;6,3;0;7,1;527;47;72;63;;;;;;;;;;;;;
27;Masculino;4;Outra;6,8;6,3;0;7,1;608;96;46;85;;;;;;;;;;;;;
24;Masculino;3;Português;6,4;7,5;23.096;8,6;702;99;93;99;;;;;;;;;;;;;
26;Masculino;3;Português;6,8;7,5;-200;-200;622;84;86;87;;;;;;;;;;;;;
29;Masculino;7;Português;5,6;8,1;22.555;7,1;726;94;97;99;;;;;;;;;;;;;
27;Masculino;2;Português;8,3;8,8;21.212;8,6;694;95;97;99;;;;;;;;;;;;;
26;Masculino;2;Português;6,5;5,0;0;7,1;684;93;87;97;;;;;;;;;;;;;
24;Masculino;2;Português;5,8;6,3;22.719;8,6;563;76;61;74;;;;;;;;;;;;;
27;Masculino;0;Português;7,3;8,3;-100;7,1;703;98;98;98;;;;;;;;;;;;;
25;Masculino;3;Português;6,8;7,5;-100;8,6;676;94;83;95;;;;;;;;;;;;;
25;Masculino;2;Português;6,8;6,3;20.747;7,1;614;74;94;88;;;;;;;;;;;;;
26;Masculino;3;Português;7,5;7,5;-100;1,4;699;93;92;98;;;;;;;;;;;;;
27;Masculino;2;Português;8,8;10,0;-200;-200;635;80;88;90;;;;;;;;;;;;;
28;Masculino;5;Português;9,0;9,0;0;7,1;560;73;68;70;;;;;;;;;;;;;
27;Masculino;3;Português;6,8;6,9;20.511;8,6;626;88;75;88;;;;;;;;;;;;;
26;Masculino;4;Português;8,0;7,9;30.019;10;648;88;88;92;;;;;;;;;;;;;
29;Masculino;3;Português;9,1;8,3;0;7,1;587;56;88;77;;;;;;;;;;;;;
25;Masculino;2;Português;7,9;8,8;0;8,6;670;96;93;96;;;;;;;;;;;;;
24;Masculino;1;Português;6,8;8,1;-100;7,1;636;89;85;92;;;;;;;;;;;;;
29;Masculino;6;Português;6,4;7,5;24.452;8,6;670;80;99;94;;;;;;;;;;;;;
26;Feminino;2;Português;5,5;6,2;22.972;10;655;90;83;94;;;;;;;;;;;;;
25;Feminino;3;Português;7,5;8,1;0;5,7;571;59;81;77;;;;;;;;;;;;;
29;Masculino;7;Português;7,8;9,2;0;7,1;606;92;61;87;;;;;;;;;;;;;
28;Masculino;9;Português;7,3;6,9;-100;8,6;511;47;55;53;;;;;;;;;;;;;
29;Masculino;4;Português;7,0;7,5;-100;7,1;558;56;75;72;;;;;;;;;;;;;
29;Masculino;1;Português;7,5;7,5;0;8,6;682;93;87;92;;;;;;;;;;;;;
26;Masculino;4;Outra;7,7;7,9;0;7,1;539;71;56;62;;;;;;;;;;;;;
26;Masculino;2;Português;8,5;10,0;-200;-200;702;100;97;97;;;;;;;;;;;;;
26;Masculino;4;Português;6,8;6,3;-200;-200;666;100;82;92;;;;;;;;;;;;;
24;Masculino;2;Português;7,0;6,9;25.782;8,6;684;97;86;98;;;;;;;;;;;;;
24;Masculino;2;Português;8,3;8,1;0;8,6;654;98;81;98;;;;;;;;;;;;;
24;Masculino;2;Português;7,8;7,5;33.816;8,6;609;89;73;88;;;;;;;;;;;;;
34;Masculino;12;Português;6,8;7,5;0;7,1;603;82;79;86;;;;;;;;;;;;;
26;Masculino;4;Português;6,8;6,3;-200;-200;667;99;81;95;;;;;;;;;;;;;
31;Feminino;10;Português;8,3;9,4;0;10;555;60;80;73;;;;;;;;;;;;;
39;Feminino;5;Português;8,3;8,1;0;7,1;693;87;97;98;;;;;;;;;;;;;
32;Masculino;2;Outra;5,1;8,8;24.737;10;665;84;96;93;;;;;;;;;;;;;
24;Masculino;1;Português;7,3;7,5;0;8,6;600;90;64;83;;;;;;;;;;;;;
25;Masculino;2;Português;8,0;7,9;21.956;8,6;685;96;90;96;;;;;;;;;;;;;
22;Feminino;1;Português;8,8;9,4;19.628;7,1;655;90;93;95;;;;;;;;;;;;;
42;Feminino;13;Português;8,5;7,5;0;7,1;640;76;98;92;;;;;;;;;;;;;
27;Masculino;4;Português;8,5;8,1;-200;-200;605;90;59;82;;;;;;;;;;;;;
29;Masculino;6;Português;8,3;6,9;0;10;535;35;79;61;;;;;;;;;;;;;
27;Masculino;1;Português;6,8;6,9;0;7,1;560;86;60;78;;;;;;;;;;;;;
29;Masculino;7;Português;7,8;9,2;0;7,1;620;91;59;87;;;;;;;;;;;;;
26;Masculino;4;Português;8,0;7,9;29.880;10;648;88;88;92;;;;;;;;;;;;;
28;Feminino;5;Português;8,5;9,4;21.381;7,1;609;53;97;86;;;;;;;;;;;;;
26;Masculino;2;Português;7,7;8,2;24.636;7,1;609;83;66;82;;;;;;;;;;;;;
26;Masculino;2;Português;6,8;6,9;0;8,6;543;53;70;65;;;;;;;;;;;;;
29;Masculino;5;Português;8,2;8,5;0;7,1;502;57;49;53;;;;;;;;;;;;;
26;Masculino;2;Português;6,3;5,5;22.119;8,6;613;86;63;82;;;;;;;;;;;;;
26;Masculino;3;Português;7,5;7,5;0;8,6;566;86;39;74;;;;;;;;;;;;;
29;Masculino;6;Português;8,3;6,9;0;10;525;35;78;60;;;;;;;;;;;;;
26;Masculino;3;Português;6,3;6,9;-100;8,6;573;82;59;75;;;;;;;;;;;;;
26;Feminino;3;Português;7,1;6,3;0;7,1;584;47;88;74;;;;;;;;;;;;;
29;Feminino;4;Português;7,0;7,5;0;7,1;692;88;97;97;;;;;;;;;;;;;
24;Masculino;2;Português;6,3;6,9;-200;-200;609;83;80;87;;;;;;;;;;;;;
26;Masculino;4;Outra;6,8;7,5;-100;8,6;575;96;43;83;;;;;;;;;;;;;
27;Masculino;3;Português;8,8;8,8;0;8,6;734;100;96;101;;;;;;;;;;;;;
24;Feminino;2;Português;6,4;7,5;23.222;8,6;588;90;66;84;;;;;;;;;;;;;
26;Masculino;3;Português;9,5;8,8;24.181;8,6;561;67;75;76;;;;;;;;;;;;;
30;Masculino;7;Português;9,5;8,8;-200;-200;632;83;85;89;;;;;;;;;;;;;
26;Masculino;3;Português;6,5;5,4;23.369;8,6;631;95;70;90;;;;;;;;;;;;;
23;Masculino;2;Português;6,3;5,0;17.685;8,6;652;82;97;96;;;;;;;;;;;;;
26;Masculino;3;Português;6,8;7,5;-200;-200;637;85;87;89;;;;;;;;;;;;;
28;Feminino;4;Português;7,0;8,1;-200;-200;599;63;94;85;;;;;;;;;;;;;
27;Masculino;3;Português;6,8;8,1;-200;-200;641;79;94;94;;;;;;;;;;;;;
31;Masculino;6;Português;9,0;8,8;24.220;8,6;568;71;70;76;;;;;;;;;;;;;
28;Masculino;4;Português;6,8;6,3;-200;-200;465;66;17;35;;;;;;;;;;;;;
27;Masculino;2;Português;8,8;10,0;-200;-200;647;82;88;89;;;;;;;;;;;;;
26;Masculino;2;Português;7,7;8,2;24.621;7,1;607;83;66;82;;;;;;;;;;;;;
27;Masculino;4;Português;8,5;8,1;-200;-200;591;89;60;81;;;;;;;;;;;;;
28;Masculino;5;Português;5,8;6,3;0;7,1;587;71;71;-1;;;;;;;;;;;;;
24;Masculino;2;Português;7,0;6,9;25.770;8,6;686;97;86;98;;;;;;;;;;;;;
26;Masculino;2;Português;8,6;8,8;24.136;7,1;589;80;72;79;;;;;;;;;;;;;
26;Feminino;3;Português;6,5;5,2;19.840;7,1;636;84;80;91;;;;;;;;;;;;;
27;Feminino;2;Português;8,3;8,1;19.634;8,6;699;93;97;97;;;;;;;;;;;;;
24;Masculino;2;Português;6,3;6,9;-200;-200;611;82;79;87;;;;;;;;;;;;;
24;Masculino;0;Português;8,3;8,1;21.934;5,7;679;83;97;96;;;;;;;;;;;;;
25;Masculino;2;Português;8,6;9,2;-200;-200;680;98;84;96;;;;;;;;;;;;;
28;Feminino;5;Português;9,0;10,0;0;7,1;535;77;52;64;;;;;;;;;;;;;
27;Masculino;4;Português;8,0;7,5;-200;-200;553;61;72;73;;;;;;;;;;;;;
26;Masculino;4;Outra;7,7;7,9;0;7,1;533;69;56;62;;;;;;;;;;;;;
27;Masculino;3;Português;8,0;7,5;23.680;8,6;633;98;62;89;;;;;;;;;;;;;
30;Masculino;5;Português;8,3;8,1;24.335;8,6;587;61;90;82;;;;;;;;;;;;;
24;Masculino;2;Português;7,8;7,5;33.753;8,6;608;89;73;88;;;;;;;;;;;;;
23;Masculino;2;Português;7,5;7,5;0;10;642;92;86;93;;;;;;;;;;;;;
24;Masculino;2;Português;9,8;9,4;0;8,6;639;81;88;92;;;;;;;;;;;;;
25;Feminino;1;Português;8,3;8,8;21.873;7,1;571;53;80;71;;;;;;;;;;;;;
27;Feminino;2;Outra;6,8;6,9;-100;2,9;624;98;55;88;;;;;;;;;;;;;
32;Masculino;5;Português;8,5;7,5;0;7,1;774;99;99;99;;;;;;;;;;;;;
25;Feminino;2;Português;5,7;8,1;22.703;8,6;589;71;70;79;;;;;;;;;;;;;
26;Masculino;4;Outra;6,8;7,5;-100;8,6;587;96;44;84;;;;;;;;;;;;;
28;Feminino;6;Português;9,0;8,8;25.382;7,1;655;88;80;90;;;;;;;;;;;;;
37;Feminino;9;Português;8,5;8,8;0;8,6;576;45;86;70;;;;;;;;;;;;;
29;Masculino;6;Português;7,8;7,5;25.906;8,6;665;90;92;96;;;;;;;;;;;;;
48;Masculino;22;Português;9,5;10,0;0;8,6;593;85;62;81;;;;;;;;;;;;;
30;Masculino;5;Outra;6,1;6,9;-100;5,7;544;79;46;69;;;;;;;;;;;;;
31;Masculino;4;Português;7,7;7,5;23.129;8,6;561;69;68;73;;;;;;;;;;;;;
32;Masculino;4;Português;8,8;8,8;-100;5,7;575;73;70;1;;;;;;;;;;;;;
27;Feminino;4;Português;8,8;10,0;-200;-200;652;72;100;93;;;;;;;;;;;;;
24;Masculino;1;Português;6,8;8,1;-100;7,1;632;87;85;92;;;;;;;;;;;;;
23;Masculino;2;Português;8,0;7,9;22.680;8,6;592;73;80;80;;;;;;;;;;;;;
43;Masculino;22;Português;7,3;8,1;0;7,1;477;47;43;43;;;;;;;;;;;;;
27;Masculino;3;Outra;8,3;8,8;-200;-200;597;78;80;81;;;;;;;;;;;;;
25;Masculino;2;Português;8,0;7,9;21.906;8,6;686;96;90;96;;;;;;;;;;;;;
29;Masculino;1;Outra;7,3;8,1;0;5,7;630;99;48;90;;;;;;;;;;;;;
24;Masculino;2;Português;7,7;8,8;0;8,6;562;81;57;76;;;;;;;;;;;;;
32;Feminino;11;Português;8,1;5,0;0;10;622;63;90;85;;;;;;;;;;;;;
29;Masculino;3;Português;7,3;7,0;-100;5,7;638;86;83;90;;;;;;;;;;;;;
27;Masculino;3;Português;8,0;7,5;23.711;8,6;635;98;62;89;;;;;;;;;;;;;
25;Feminino;3;Português;8,5;8,1;20.415;10;661;81;90;92;;;;;;;;;;;;;
23;Masculino;2;Português;7,5;7,5;0;10;648;89;86;95;;;;;;;;;;;;;
28;Masculino;5;Português;9,5;10,0;27.770;7,1;711;96;94;99;;;;;;;;;;;;;
27;Masculino;1;Outra;8,5;8,8;0;7,1;735;99;98;99;;;;;;;;;;;;;
35;Masculino;8;Português;8,0;8,1;0;7,1;547;41;76;65;;;;;;;;;;;;;
25;Masculino;1;Português;7,3;8,1;0;8,6;694;98;92;97;;;;;;;;;;;;;
27;Masculino;2;Outra;7,0;6,9;22.511;8,6;675;98;91;98;;;;;;;;;;;;;
42;Feminino;13;Português;8,5;7,5;0;7,1;647;75;95;94;;;;;;;;;;;;;
25;Feminino;2;Português;7,0;6,9;22.986;8,6;644;83;88;88;;;;;;;;;;;;;
31;Masculino;8;Português;5,5;7,5;-200;-200;758;99;99;99;;;;;;;;;;;;;
28;Masculino;5;Português;5,8;6,3;0;7,1;575;71;71;-1;;;;;;;;;;;;;
26;Masculino;3;Português;7,3;6,9;0;8,6;607;80;78;84;;;;;;;;;;;;;
28;Masculino;3;Português;6,0;6,9;-100;5,7;606;90;70;87;;;;;;;;;;;;;
28;Feminino;5;Português;9,0;10,0;0;7,1;557;76;51;65;;;;;;;;;;;;;
34;Masculino;11;Português;7,0;7,5;0;8,6;608;79;81;86;;;;;;;;;;;;;
29;Masculino;1;Outra;7,3;8,1;0;5,7;621;99;49;90;;;;;;;;;;;;;
25;Masculino;3;Português;7,3;7,5;0;8,6;560;72;58;71;;;;;;;;;;;;;
25;Feminino;2;Português;7,0;6,9;22.937;8,6;644;83;88;88;;;;;;;;;;;;;
29;Feminino;3;Português;8,0;7,5;0;7,1;650;91;82;91;;;;;;;;;;;;;
27;Masculino;5;Português;7,8;8,1;0;7,1;751;101;92;101;;;;;;;;;;;;;
23;Feminino;2;Português;8,5;7,5;23.120;10;657;92;82;92;;;;;;;;;;;;;
26;Masculino;3;Português;6,3;6,9;-100;8,6;565;81;59;76;;;;;;;;;;;;;
27;Feminino;4;Português;8,8;10,0;-200;-200;675;71;101;94;;;;;;;;;;;;;
25;Feminino;2;Português;8,8;7,9;19.727;7,1;689;88;95;97;;;;;;;;;;;;;
25;Feminino;3;Português;9,0;9,2;22.011;4,3;533;49;61;62;;;;;;;;;;;;;
36;Feminino;7;Português;7,5;6,3;0;7,1;527;48;73;63;;;;;;;;;;;;;
27;Masculino;3;Português;8,8;8,8;0;8,6;728;100;96;98;;;;;;;;;;;;;
25;Masculino;3;Português;5,5;6,3;26.577;7,1;526;80;44;64;;;;;;;;;;;;;
31;Masculino;6;Português;7,5;8,1;-200;-200;567;82;66;80;;;;;;;;;;;;;
25;Masculino;2;Português;6,8;6,9;-200;-200;611;77;90;92;;;;;;;;;;;;;
27;Masculino;4;Português;7,0;6,9;22.417;10;631;80;88;89;;;;;;;;;;;;;
25;Masculino;2;Português;7,5;7,5;-200;-200;681;93;98;101;;;;;;;;;;;;;
25;Feminino;3;Português;6,9;5,0;19.604;8,6;713;95;100;99;;;;;;;;;;;;;
42;Feminino;13;Português;8,5;7,5;0;7,1;646;77;96;90;;;;;;;;;;;;;
32;Feminino;11;Português;8,1;5,0;0;10;612;63;89;86;;;;;;;;;;;;;
25;Feminino;2;Português;8,8;7,9;19.751;7,1;691;88;95;98;;;;;;;;;;;;;
25;Feminino;3;Português;6,3;6,3;-100;10;653;87;89;94;;;;;;;;;;;;;
24;Masculino;1;Português;8,3;6,7;0;10;553;58;81;75;;;;;;;;;;;;;
27;Masculino;3;Português;7,3;8,1;-200;-200;609;66;86;83;;;;;;;;;;;;;
32;Masculino;4;Português;8,8;8,8;-100;5,7;580;71;72;1;;;;;;;;;;;;;
40;Masculino;15;Português;10,0;6,0;33.711;8,6;627;72;96;92;;;;;;;;;;;;;
25;Masculino;2;Português;8,3;7,8;24.104;10;643;94;83;94;;;;;;;;;;;;;
27;Masculino;5;Português;9,0;8,1;0;8,6;665;86;90;96;;;;;;;;;;;;;
25;Feminino;2;Outra;7,5;8,1;-200;-200;645;99;83;94;;;;;;;;;;;;;
23;Masculino;2;Português;8,0;7,9;22.640;8,6;592;73;80;80;;;;;;;;;;;;;
25;Masculino;2;Português;6,3;7,5;-100;5,7;600;52;94;84;;;;;;;;;;;;;
26;Masculino;4;Português;6,8;6,3;-200;-200;666;98;80;95;;;;;;;;;;;;;
25;Masculino;1;Português;8,3;8,8;22.021;10;666;78;94;95;;;;;;;;;;;;;
29;Masculino;6;Português;7,8;7,5;-100;7,1;591;69;85;82;;;;;;;;;;;;;
25;Masculino;3;Português;8,8;8,8;24.187;8,6;560;75;49;67;;;;;;;;;;;;;
25;Masculino;3;Português;7,5;7,5;-200;-200;692;95;88;96;;;;;;;;;;;;;
27;Masculino;3;Português;8,5;8,1;0;8,6;592;73;68;77;;;;;;;;;;;;;
25;Masculino;2;Português;8,5;8,8;0;7,1;622;92;75;88;;;;;;;;;;;;;
23;Masculino;2;Português;5,5;5,0;24.322;8,6;576;63;82;77;;;;;;;;;;;;;
26;Masculino;3;Outra;7,3;6,9;-200;-200;670;86;95;94;;;;;;;;;;;;;
29;Masculino;3;Português;6,5;5,4;23.152;10;622;73;96;90;;;;;;;;;;;;;
28;Masculino;4;Português;6,4;7,5;22.764;10;595;88;68;87;;;;;;;;;;;;;
25;Masculino;3;Outra;7,3;8,1;-200;-200;642;94;70;90;;;;;;;;;;;;;
24;Feminino;2;Português;6,0;5,0;14.760;10;560;54;77;70;;;;;;;;;;;;;
25;Masculino;2;Português;7,9;8,8;0;8,6;667;95;93;98;;;;;;;;;;;;;
28;Masculino;3;Português;6,4;7,5;22.391;8,6;581;71;70;79;;;;;;;;;;;;;
25;Feminino;2;Português;7,8;8,2;23.191;7,1;620;87;75;86;;;;;;;;;;;;;
24;Feminino;2;Português;6,8;6,3;0;8,6;652;97;69;90;;;;;;;;;;;;;
29;Masculino;4;Português;7,5;8,1;0;8,6;580;78;66;79;;;;;;;;;;;;;
25;Masculino;3;Português;7,3;7,5;0;8,6;555;71;57;70;;;;;;;;;;;;;
25;Masculino;1;Português;9,0;9,4;37.451;7,1;688;96;94;98;;;;;;;;;;;;;
28;Masculino;3;Português;6,0;6,9;-100;5,7;596;91;70;84;;;;;;;;;;;;;
31;Masculino;4;Outra;6,0;5,8;23.921;8,6;535;76;46;63;;;;;;;;;;;;;
27;Masculino;2;Português;6,8;6,9;-200;-200;567;53;80;71;;;;;;;;;;;;;
25;Masculino;4;Português;6,8;6,9;21.413;8,6;599;90;75;86;;;;;;;;;;;;;
26;Masculino;3;Outra;7,3;6,9;-200;-200;643;86;94;96;;;;;;;;;;;;;
25;Masculino;2;Português;7,8;5,8;-200;-200;589;78;70;79;;;;;;;;;;;;;
27;Masculino;6;Português;8,3;8,8;23.045;8,6;618;71;83;87;;;;;;;;;;;;;
39;Masculino;16;Português;9,0;8,8;25.824;10;593;73;82;82;;;;;;;;;;;;;
27;Masculino;2;Outra;7,0;6,9;22.501;8,6;675;97;91;98;;;;;;;;;;;;;
26;Masculino;2;Português;7,7;8,2;24.665;7,1;607;83;66;82;;;;;;;;;;;;;
24;Masculino;1;Português;6,0;6,3;-200;-200;641;93;79;92;;;;;;;;;;;;;
29;Masculino;4;Português;7,0;7,5;-100;7,1;559;56;74;71;;;;;;;;;;;;;
32;Masculino;2;Outra;5,1;8,8;24.678;10;664;84;97;93;;;;;;;;;;;;;
26;Masculino;2;Português;6,0;5,0;19.554;8,6;631;79;86;88;;;;;;;;;;;;;
25;Masculino;2;Português;7,8;8,1;-200;-200;674;94;79;97;;;;;;;;;;;;;
23;Masculino;2;Português;8,0;7,9;22.689;8,6;591;73;80;80;;;;;;;;;;;;;
29;Masculino;3;Outra;7,0;6,9;0;7,1;578;93;57;79;;;;;;;;;;;;;
27;Masculino;4;Português;5,3;6,3;0;7,1;629;94;79;90;;;;;;;;;;;;;
25;Masculino;2;Outra;8,3;8,1;-100;5,7;613;78;94;90;;;;;;;;;;;;;
25;Masculino;2;Português;6,0;5,0;21.869;10;617;84;80;87;;;;;;;;;;;;;
26;Feminino;3;Português;6,5;5,2;19.912;7,1;637;84;80;91;;;;;;;;;;;;;
34;Feminino;7;Português;8,3;7,5;0;8,6;612;73;90;88;;;;;;;;;;;;;
34;Masculino;12;Português;6,8;7,5;0;7,1;606;81;81;85;;;;;;;;;;;;;
24;Masculino;2;Português;8,5;9,2;23.057;8,6;566;82;49;70;;;;;;;;;;;;;
27;Masculino;4;Português;8,0;7,5;-200;-200;632;89;84;88;;;;;;;;;;;;;
29;Masculino;4;Português;7,5;8,1;0;8,6;574;79;67;79;;;;;;;;;;;;;
25;Masculino;3;Português;8,2;7,8;21.831;8,6;610;85;70;87;;;;;;;;;;;;;
25;Masculino;2;Outra;8,0;8,1;-200;-200;665;99;75;95;;;;;;;;;;;;;
28;Masculino;5;Português;9,0;9,0;0;7,1;564;72;66;71;;;;;;;;;;;;;
35;Masculino;8;Português;8,3;10,0;0;8,6;578;70;70;74;;;;;;;;;;;;;
28;Feminino;5;Português;7,8;7,5;0;8,6;598;85;78;83;;;;;;;;;;;;;
25;Masculino;1;Português;6,7;5,0;-200;-200;651;78;92;90;;;;;;;;;;;;;
25;Masculino;4;Português;6,8;6,9;21.444;8,6;600;90;75;86;;;;;;;;;;;;;
39;Masculino;16;Português;9,0;8,8;25.794;10;592;73;82;82;;;;;;;;;;;;;
30;Masculino;6;Português;7,0;6,9;23.510;7,1;679;84;98;95;;;;;;;;;;;;;
31;Masculino;4;Português;8,0;8,5;-100;8,6;656;82;99;98;;;;;;;;;;;;;
28;Feminino;5;Português;7,8;7,5;0;8,6;607;82;81;83;;;;;;;;;;;;;
39;Feminino;5;Português;8,3;8,1;0;7,1;688;90;98;101;;;;;;;;;;;;;
25;Feminino;2;Outra;7,5;8,1;-200;-200;659;99;84;95;;;;;;;;;;;;;
43;Masculino;16;Português;7,8;7,5;0;7,1;633;84;86;90;;;;;;;;;;;;;
25;Masculino;2;Outra;6,8;7,9;-200;-200;556;81;59;73;;;;;;;;;;;;;
25;Masculino;3;Outra;7,3;8,1;-200;-200;624;91;69;91;;;;;;;;;;;;;
27;Masculino;3;Português;8,3;8,1;24.767;7,1;644;92;74;90;;;;;;;;;;;;;
26;Masculino;4;Português;8,0;7,9;29.971;10;649;88;88;92;;;;;;;;;;;;;
29;Masculino;3;Português;8,3;8,1;0;7,1;676;90;92;96;;;;;;;;;;;;;
31;Masculino;8;Português;7,8;7,5;21.538;8,6;540;59;61;64;;;;;;;;;;;;;
34;Masculino;16;Português;7,5;7,5;24.167;7,1;539;73;59;68;;;;;;;;;;;;;
29;Masculino;6;Português;7,8;7,5;25.955;8,6;664;90;92;96;;;;;;;;;;;;;
29;Feminino;5;Português;6,4;7,5;21.973;10;567;65;72;71;;;;;;;;;;;;;
25;Masculino;1;Português;8,3;8,8;22.122;10;665;78;94;95;;;;;;;;;;;;;
26;Masculino;2;Português;6,8;6,9;0;8,6;553;52;70;66;;;;;;;;;;;;;
26;Masculino;2;Português;8,6;8,8;24.183;7,1;590;80;72;79;;;;;;;;;;;;;
25;Masculino;3;Português;7,3;7,5;0;8,6;555;72;56;69;;;;;;;;;;;;;
25;Masculino;3;Português;5,5;6,3;26.630;7,1;527;80;44;64;;;;;;;;;;;;;
24;Masculino;2;Português;8,5;9,2;23.106;8,6;567;82;49;70;;;;;;;;;;;;;
25;Feminino;2;Português;8,8;7,9;19.776;7,1;690;88;95;97;;;;;;;;;;;;;
30;Masculino;5;Português;8,5;7,0;-100;8,6;644;83;85;86;;;;;;;;;;;;;
24;Feminino;2;Português;7,5;8,1;23.091;7,1;593;73;70;79;;;;;;;;;;;;;
30;Feminino;6;Outra;7,0;7,5;-100;5,7;602;99;47;85;;;;;;;;;;;;;
29;Masculino;6;Português;7,8;7,5;25.896;8,6;666;90;92;96;;;;;;;;;;;;;
27;Masculino;2;Outra;7,0;6,9;22.528;8,6;675;98;91;98;;;;;;;;;;;;;
24;Masculino;0;Português;8,3;8,1;21.941;5,7;677;83;97;96;;;;;;;;;;;;;
27;Masculino;4;Português;8,0;7,5;-200;-200;558;59;72;72;;;;;;;;;;;;;
29;Masculino;3;Outra;7,0;6,9;0;7,1;581;91;59;80;;;;;;;;;;;;;
27;Feminino;2;Português;6,0;6,3;0;7,1;535;59;72;73;;;;;;;;;;;;;
25;Masculino;2;Português;5,8;8,1;20.712;10;583;77;68;79;;;;;;;;;;;;;
23;Feminino;2;Português;8,5;7,5;0;10;622;78;89;86;;;;;;;;;;;;;
24;Masculino;2;Português;5,8;6,3;22.622;8,6;564;76;61;74;;;;;;;;;;;;;
32;Masculino;4;Português;8,8;8,8;-100;5,7;578;72;70;1;;;;;;;;;;;;;
29;Masculino;1;Português;7,5;7,5;0;8,6;657;93;84;95;;;;;;;;;;;;;
29;Masculino;3;Português;6,5;5,4;23.118;10;622;73;96;90;;;;;;;;;;;;;
25;Feminino;3;Português;7,5;8,1;0;5,7;553;59;84;77;;;;;;;;;;;;;
24;Masculino;1;Português;6,8;8,1;-100;7,1;639;88;85;92;;;;;;;;;;;;;
25;Masculino;2;Português;6,3;7,5;-100;5,7;582;52;95;84;;;;;;;;;;;;;
27;Masculino;6;Português;8,3;8,8;23.094;8,6;617;71;83;87;;;;;;;;;;;;;
28;Masculino;9;Português;7,3;6,9;-100;8,6;512;47;55;53;;;;;;;;;;;;;
28;Masculino;5;Português;9,5;10,0;27.684;7,1;712;97;94;99;;;;;;;;;;;;;
26;Masculino;2;Português;8,9;10,0;-200;-200;756;99;97;101;;;;;;;;;;;;;
27;Feminino;4;Português;8,3;8,1;-100;5,7;570;64;85;76;;;;;;;;;;;;;
29;Masculino;6;Português;8,3;6,9;0;10;530;34;80;61;;;;;;;;;;;;;
29;Feminino;5;Português;6,4;7,5;22.024;10;567;65;72;71;;;;;;;;;;;;;
25;Masculino;2;Outra;6,8;7,9;-200;-200;581;79;60;73;;;;;;;;;;;;;
26;Feminino;4;Português;8,3;8,1;21.997;7,1;578;57;90;80;;;;;;;;;;;;;
24;Feminino;2;Português;6,8;6,3;0;8,6;646;95;70;92;;;;;;;;;;;;;
28;Masculino;4;Português;6,4;7,5;22.716;10;596;88;68;87;;;;;;;;;;;;;
25;Masculino;2;Outra;8,0;8,1;-200;-200;670;99;74;93;;;;;;;;;;;;;
36;Feminino;7;Português;7,5;6,3;0;7,1;534;47;72;64;;;;;;;;;;;;;
25;Feminino;3;Português;8,5;8,1;20.399;10;662;81;90;92;;;;;;;;;;;;;
40;Feminino;15;Outra;5,8;6,1;50.692;8,6;506;61;46;52;;;;;;;;;;;;;
31;Masculino;7;Português;6,8;6,9;-100;4,3;647;80;91;91;;;;;;;;;;;;;
31;Masculino;4;Outra;6,0;5,8;23.954;8,6;534;76;46;63;;;;;;;;;;;;;
30;Masculino;5;Português;8,5;7,0;-100;8,6;638;80;85;86;;;;;;;;;;;;;
26;Masculino;3;Outra;7,3;6,9;-200;-200;652;88;95;96;;;;;;;;;;;;;
28;Masculino;4;Português;7,8;8,1;-100;4,3;655;94;86;97;;;;;;;;;;;;;
29;Feminino;3;Português;8,0;7,5;0;7,1;644;91;83;91;;;;;;;;;;;;;
24;Feminino;2;Português;6,8;6,3;0;8,6;653;93;69;91;;;;;;;;;;;;;
27;Masculino;6;Português;8,3;8,8;23.013;8,6;617;71;83;87;;;;;;;;;;;;;
24;Masculino;1;Português;7,3;7,5;0;8,6;603;89;62;82;;;;;;;;;;;;;
28;Masculino;4;Português;8,0;7,9;24.166;7,1;559;74;59;71;;;;;;;;;;;;;
35;Masculino;8;Português;8,3;10,0;0;8,6;579;71;72;76;;;;;;;;;;;;;
25;Masculino;1;Português;6,7;5,0;-200;-200;664;76;92;88;;;;;;;;;;;;;
27;Masculino;4;Português;8,0;7,5;26.641;8,6;631;73;96;88;;;;;;;;;;;;;
25;Feminino;3;Português;6,9;5,0;19.621;8,6;714;95;99;99;;;;;;;;;;;;;
29;Masculino;8;Português;6,3;7,5;23.444;8,6;641;92;89;94;;;;;;;;;;;;;
24;Feminino;2;Português;5,5;6,0;23.042;8,6;615;78;77;85;;;;;;;;;;;;;
26;Feminino;3;Português;6,5;5,2;19.844;7,1;637;84;80;91;;;;;;;;;;;;;
24;Masculino;3;Português;6,4;7,5;23.126;8,6;702;99;93;99;;;;;;;;;;;;;
35;Masculino;8;Português;8,0;8,1;0;7,1;546;42;77;64;;;;;;;;;;;;;
26;Masculino;4;Outra;7,7;7,9;0;7,1;536;69;55;63;;;;;;;;;;;;;
25;Masculino;2;Português;7,5;6,9;-200;-200;681;91;95;100;;;;;;;;;;;;;
40;Masculino;15;Português;10,0;6,0;33.645;8,6;627;72;96;92;;;;;;;;;;;;;
26;Masculino;4;Português;6,8;8,0;-100;7,1;632;85;86;92;;;;;;;;;;;;;
30;Masculino;5;Português;8,8;8,1;27.695;8,6;588;78;82;83;;;;;;;;;;;;;
28;Feminino;6;Português;9,0;8,8;25.295;7,1;655;88;80;90;;;;;;;;;;;;;
40;Masculino;15;Português;10,0;6,0;33.736;8,6;624;72;96;92;;;;;;;;;;;;;
25;Masculino;3;Português;8,2;7,8;21.858;8,6;611;86;70;87;;;;;;;;;;;;;
32;Masculino;2;Outra;5,1;8,8;24.695;10;665;84;97;93;;;;;;;;;;;;;
24;Masculino;2;Português;7,5;6,9;22.164;8,6;504;79;29;53;;;;;;;;;;;;;
26;Feminino;3;Português;6,5;5,2;19.865;7,1;637;84;80;91;;;;;;;;;;;;;
25;Masculino;3;Português;6,5;6,9;-200;-200;597;67;82;82;;;;;;;;;;;;;
26;Masculino;2;Português;5,5;5,6;0;8,6;623;75;76;82;;;;;;;;;;;;;
27;Masculino;1;Português;8,3;7,5;-100;7,1;637;86;84;90;;;;;;;;;;;;;
26;Masculino;3;Português;6,5;5,4;23.426;8,6;630;95;70;90;;;;;;;;;;;;;
29;Masculino;7;Português;5,8;5,6;-100;7,1;677;99;88;98;;;;;;;;;;;;;
40;Feminino;15;Outra;5,8;6,1;50.666;8,6;507;61;46;52;;;;;;;;;;;;;
25;Masculino;2;Português;6,0;6,9;0;8,6;714;97;95;99;;;;;;;;;;;;;
31;Masculino;6;Português;9,0;8,8;24.262;8,6;568;71;70;76;;;;;;;;;;;;;
24;Feminino;2;Português;5,5;6,0;23.099;8,6;615;78;77;85;;;;;;;;;;;;;
29;Masculino;7;Português;5,8;5,6;-100;7,1;679;101;90;96;;;;;;;;;;;;;
25;Masculino;2;Outra;6,8;7,9;-200;-200;580;78;60;75;;;;;;;;;;;;;
27;Masculino;2;Português;6,8;6,9;-200;-200;557;52;78;72;;;;;;;;;;;;;
26;Masculino;3;Português;8,8;8,8;-200;-200;723;98;96;98;;;;;;;;;;;;;
31;Masculino;1;Português;7,0;7,5;0;8,6;570;77;64;75;;;;;;;;;;;;;
27;Masculino;3;Português;6,8;8,1;-200;-200;644;82;94;95;;;;;;;;;;;;;
26;Masculino;2;Português;6,0;5,0;19.521;8,6;632;79;86;88;;;;;;;;;;;;;
23;Masculino;1;Português;7,0;6,3;0;7,1;726;92;97;97;;;;;;;;;;;;;
27;Feminino;5;Português;7,0;8,1;0;8,6;537;61;72;76;;;;;;;;;;;;;
25;Masculino;2;Português;5,8;8,1;20.709;10;583;77;68;79;;;;;;;;;;;;;
32;Masculino;5;Português;8,5;7,5;0;7,1;774;100;97;101;;;;;;;;;;;;;
40;Masculino;15;Português;10,0;6,0;33.719;8,6;626;72;96;92;;;;;;;;;;;;;
27;Masculino;1;Português;6,8;6,9;0;7,1;570;85;59;79;;;;;;;;;;;;;
25;Masculino;2;Português;7,5;7,5;-200;-200;694;91;95;99;;;;;;;;;;;;;
30;Feminino;6;Outra;7,0;7,5;-100;5,7;600;99;47;87;;;;;;;;;;;;;
25;Masculino;1;Português;6,7;5,0;-200;-200;664;77;91;91;;;;;;;;;;;;;
26;Masculino;3;Outra;6,5;7,5;-100;4,3;547;88;44;70;;;;;;;;;;;;;
25;Masculino;2;Português;7,8;5,8;-200;-200;598;79;71;77;;;;;;;;;;;;;
26;Masculino;2;Português;8,9;10,0;-200;-200;724;99;101;100;;;;;;;;;;;;;
26;Masculino;3;Português;8,0;7,9;24.241;8,6;696;83;97;97;;;;;;;;;;;;;
29;Masculino;1;Outra;7,3;8,1;0;5,7;616;100;48;91;;;;;;;;;;;;;
26;Feminino;3;Português;7,1;6,3;0;7,1;577;48;86;75;;;;;;;;;;;;;
26;Feminino;4;Português;8,3;8,1;22.047;7,1;580;57;90;80;;;;;;;;;;;;;
26;Masculino;2;Português;8,9;10,0;-200;-200;741;99;99;99;;;;;;;;;;;;;
29;Masculino;4;Outra;7,8;6,7;-100;5,7;564;90;48;77;;;;;;;;;;;;;
25;Masculino;3;Português;5,5;6,3;26.595;7,1;525;80;44;64;;;;;;;;;;;;;
25;Masculino;2;Português;7,9;8,8;0;8,6;668;93;94;97;;;;;;;;;;;;;
25;Masculino;2;Português;7,8;5,8;-200;-200;595;77;70;79;;;;;;;;;;;;;
27;Masculino;6;Português;8,3;8,8;23.015;8,6;619;71;83;87;;;;;;;;;;;;;
24;Masculino;1;Português;8,3;6,7;0;10;579;58;80;73;;;;;;;;;;;;;
25;Feminino;3;Português;6,3;6,3;-100;10;647;88;92;93;;;;;;;;;;;;;
28;Masculino;5;Português;9,0;9,0;0;7,1;569;73;68;72;;;;;;;;;;;;;
24;Feminino;2;Outra;7,3;8,1;0;5,7;653;96;77;92;;;;;;;;;;;;;
26;Masculino;2;Português;8,6;8,8;24.078;7,1;589;80;72;79;;;;;;;;;;;;;
28;Masculino;4;Outra;7,3;7,5;-200;-200;637;99;64;92;;;;;;;;;;;;;
26;Masculino;2;Português;8,5;10,0;-200;-200;706;98;98;99;;;;;;;;;;;;;
30;Masculino;7;Português;9,5;8,8;-200;-200;635;81;86;90;;;;;;;;;;;;;
25;Masculino;2;Outra;8,3;8,1;-100;5,7;622;77;91;92;;;;;;;;;;;;;
35;Masculino;12;Português;7,7;8,1;0;7,1;634;64;94;90;;;;;;;;;;;;;
23;Feminino;2;Português;8,5;7,5;23.124;10;656;92;82;92;;;;;;;;;;;;;
25;Feminino;3;Português;8,5;8,1;20.383;10;660;81;90;92;;;;;;;;;;;;;
28;Masculino;9;Português;7,3;6,9;-100;8,6;512;47;55;53;;;;;;;;;;;;;
24;Masculino;2;Português;8,8;10,0;0;8,6;606;91;71;87;;;;;;;;;;;;;
26;Masculino;4;Português;5,3;5,0;0;8,6;455;27;47;35;;;;;;;;;;;;;
24;Masculino;0;Português;8,3;8,1;21.954;5,7;678;83;97;96;;;;;;;;;;;;;
30;Feminino;6;Outra;7,0;7,5;-100;5,7;587;97;46;88;;;;;;;;;;;;;
24;Masculino;2;Português;6,8;7,5;0;10;656;91;90;97;;;;;;;;;;;;;
26;Feminino;2;Português;5,5;6,2;23.042;10;653;90;83;95;;;;;;;;;;;;;
24;Masculino;2;Português;7,5;6,9;22.216;8,6;505;79;29;53;;;;;;;;;;;;;
24;Feminino;2;Português;6,0;5,0;14.792;10;561;54;76;70;;;;;;;;;;;;;
27;Masculino;2;Português;7,3;7,5;0;8,6;636;89;83;92;;;;;;;;;;;;;
25;Masculino;2;Outra;8,3;8,1;-100;5,7;627;76;90;92;;;;;;;;;;;;;
28;Masculino;5;Português;5,8;6,3;0;7,1;578;70;70;-1;;;;;;;;;;;;;
25;Masculino;3;Outra;7,3;8,1;-200;-200;632;92;70;90;;;;;;;;;;;;;
27;Masculino;3;Português;6,8;6,9;20.468;8,6;626;88;75;89;;;;;;;;;;;;;
25;Feminino;2;Português;8,8;7,9;19.794;7,1;689;88;95;97;;;;;;;;;;;;;
28;Masculino;4;Português;7,8;8,1;-100;4,3;669;96;87;97;;;;;;;;;;;;;
25;Feminino;3;Português;6,9;5,0;19.633;8,6;716;95;99;99;;;;;;;;;;;;;
26;Masculino;2;Português;6,0;5,0;19.556;8,6;632;79;86;88;;;;;;;;;;;;;
23;Masculino;1;Português;7,0;6,3;0;7,1;743;92;97;101;;;;;;;;;;;;;
26;Masculino;3;Português;6,3;5,6;-200;-200;590;88;59;82;;;;;;;;;;;;;
23;Masculino;1;Português;7,0;6,3;0;7,1;714;92;99;98;;;;;;;;;;;;;
30;Masculino;5;Português;8,5;7,0;-100;8,6;632;81;85;86;;;;;;;;;;;;;
31;Masculino;1;Português;7,0;7,5;0;8,6;572;75;62;76;;;;;;;;;;;;;
25;Masculino;3;Português;8,8;8,1;24.987;8,6;595;83;73;84;;;;;;;;;;;;;
26;Masculino;3;Português;7,5;7,5;-100;1,4;702;93;93;97;;;;;;;;;;;;;
26;Feminino;2;Português;5,5;6,2;22.977;10;654;90;83;95;;;;;;;;;;;;;
25;Feminino;2;Português;6,4;7,5;22.635;10;562;38;92;73;;;;;;;;;;;;;
24;Feminino;2;Português;5,7;8,1;22.687;10;672;84;99;97;;;;;;;;;;;;;
26;Masculino;3;Português;6,5;5,4;23.345;8,6;631;95;70;90;;;;;;;;;;;;;
24;Masculino;2;Português;6,8;7,5;0;10;652;93;86;97;;;;;;;;;;;;;
25;Masculino;2;Português;5,8;8,1;20.723;10;585;77;68;79;;;;;;;;;;;;;
25;Masculino;2;Português;8,2;9,4;0;7,1;667;93;83;93;;;;;;;;;;;;;
27;Masculino;4;Português;6,8;7,5;-200;-200;615;47;99;87;;;;;;;;;;;;;
30;Masculino;6;Português;7,0;6,9;23.543;7,1;678;84;98;95;;;;;;;;;;;;;
28;Masculino;4;Português;8,0;7,5;0;8,6;599;83;92;91;;;;;;;;;;;;;
26;Feminino;2;Português;8,5;9,4;-200;-200;620;75;88;86;;;;;;;;;;;;;
27;Masculino;4;Português;8,5;8,1;-200;-200;613;92;57;83;;;;;;;;;;;;;
25;Feminino;2;Português;7,8;8,2;23.236;7,1;620;88;75;85;;;;;;;;;;;;;
24;Masculino;2;Português;6,8;7,1;24.252;7,1;594;87;53;79;;;;;;;;;;;;;
25;Feminino;3;Português;7,5;6,9;-200;-200;645;84;89;90;;;;;;;;;;;;;
27;Masculino;4;Português;7,0;6,9;22.378;10;632;80;88;89;;;;;;;;;;;;;
26;Masculino;2;Português;6,0;5,0;19.548;8,6;632;79;86;88;;;;;;;;;;;;;
25;Feminino;2;Português;7,8;8,2;21.129;7,1;618;88;75;88;;;;;;;;;;;;;
29;Masculino;6;Português;7,8;7,5;25.857;8,6;665;90;92;96;;;;;;;;;;;;;
26;Masculino;2;Português;6,8;6,9;0;8,6;547;53;70;66;;;;;;;;;;;;;
25;Feminino;2;Outra;7,5;8,1;-200;-200;644;99;84;93;;;;;;;;;;;;;
28;Masculino;4;Português;8,0;7,9;24.108;7,1;559;74;59;71;;;;;;;;;;;;;
24;Masculino;2;Português;8,0;7,9;22.127;10;562;51;82;71;;;;;;;;;;;;;
29;Masculino;4;Português;7,5;8,1;0;8,6;566;77;65;79;;;;;;;;;;;;;
25;Masculino;1;Português;5,1;5,0;0;10;679;98;88;98;;;;;;;;;;;;;
37;Feminino;9;Português;8,5;8,8;0;8,6;572;44;88;71;;;;;;;;;;;;;
29;Masculino;7;Português;5,6;8,1;22.607;7,1;726;94;97;99;;;;;;;;;;;;;
25;Masculino;2;Português;8,2;9,4;0;7,1;665;94;84;95;;;;;;;;;;;;;
34;Feminino;7;Português;8,3;7,5;0;8,6;611;74;90;88;;;;;;;;;;;;;
28;Masculino;4;Português;8,0;7,9;24.082;7,1;561;74;59;71;;;;;;;;;;;;;
29;Masculino;6;Português;7,8;7,5;-100;7,1;596;68;86;81;;;;;;;;;;;;;
29;Masculino;3;Português;8,3;8,1;0;7,1;672;88;92;96;;;;;;;;;;;;;
26;Feminino;4;Português;8,3;8,1;-200;-200;661;87;93;93;;;;;;;;;;;;;
25;Masculino;2;Português;7,8;8,1;-200;-200;660;96;80;96;;;;;;;;;;;;;
27;Masculino;4;Português;8,0;7,5;-200;-200;561;62;70;74;;;;;;;;;;;;;
35;Masculino;12;Português;7,7;8,1;0;7,1;624;65;96;89;;;;;;;;;;;;;
26;Feminino;4;Português;8,3;8,1;-200;-200;655;85;94;93;;;;;;;;;;;;;
34;Masculino;11;Português;7,0;7,5;0;8,6;594;80;80;85;;;;;;;;;;;;;
29;Masculino;3;Português;9,1;8,3;0;7,1;581;55;87;77;;;;;;;;;;;;;
25;Masculino;3;Português;7,5;7,5;-200;-200;680;95;87;96;;;;;;;;;;;;;
27;Masculino;4;Português;6,3;6,3;-100;5,7;658;97;80;96;;;;;;;;;;;;;
27;Masculino;2;Português;7,8;8,8;-100;5,7;729;97;98;100;;;;;;;;;;;;;
24;Masculino;2;Português;7,7;8,8;0;8,6;565;80;57;77;;;;;;;;;;;;;
27;Masculino;3;Português;6,8;7,5;-200;-200;578;80;80;85;;;;;;;;;;;;;
25;Masculino;2;Outra;6,8;7,9;-200;-200;567;80;59;73;;;;;;;;;;;;;
27;Feminino;4;Português;8,3;8,1;-100;5,7;562;65;84;75;;;;;;;;;;;;;
25;Masculino;2;Português;7,9;8,8;0;8,6;676;96;93;97;;;;;;;;;;;;;
25;Masculino;2;Português;6,8;6,3;20.790;7,1;613;74;94;88;;;;;;;;;;;;;
27;Masculino;1;Outra;8,5;8,8;0;7,1;751;99;97;99;;;;;;;;;;;;;
25;Feminino;2;Português;5,7;8,1;22.640;8,6;589;71;70;79;;;;;;;;;;;;;
28;Masculino;4;Português;6,4;7,5;24.976;8,6;574;57;85;74;;;;;;;;;;;;;
26;Feminino;3;Outra;7,5;6,9;22.718;7,1;567;92;36;74;;;;;;;;;;;;;
26;Feminino;4;Português;8,3;8,1;-200;-200;649;86;95;94;;;;;;;;;;;;;
33;Masculino;10;Outra;8,8;8,8;27.245;10;627;73;88;88;;;;;;;;;;;;;
28;Masculino;4;Português;6,8;6,3;-200;-200;473;65;17;36;;;;;;;;;;;;;
27;Masculino;2;Português;7,8;8,8;-100;5,7;726;99;97;99;;;;;;;;;;;;;
29;Masculino;7;Português;5,6;8,1;22.559;7,1;726;94;97;98;;;;;;;;;;;;;
25;Masculino;3;Português;8,8;8,8;24.132;8,6;558;75;49;67;;;;;;;;;;;;;
28;Feminino;5;Outra;7,8;7,5;22.918;8,6;582;84;57;78;;;;;;;;;;;;;
27;Masculino;5;Português;6,0;5,6;20.873;7,1;655;91;88;94;;;;;;;;;;;;;
31;Masculino;8;Português;5,5;7,5;-200;-200;743;99;97;99;;;;;;;;;;;;;
27;Masculino;5;Português;6,0;5,6;20.794;7,1;654;91;88;94;;;;;;;;;;;;;
26;Feminino;1;Português;7,8;8,2;18.859;10;674;86;94;96;;;;;;;;;;;;;
26;Masculino;3;Outra;7,3;6,9;-200;-200;659;87;94;95;;;;;;;;;;;;;
24;Feminino;2;Português;7,0;7,5;0;10;704;100;97;99;;;;;;;;;;;;;
25;Feminino;2;Português;7,8;8,2;23.218;7,1;619;88;75;86;;;;;;;;;;;;;
30;Masculino;5;Português;8,8;8,1;27.629;8,6;589;78;82;83;;;;;;;;;;;;;
24;Masculino;0;Outra;7,8;7,5;0;7,1;551;74;64;70;;;;;;;;;;;;;
27;Masculino;3;Português;7,5;7,5;24.175;7,1;624;82;88;88;;;;;;;;;;;;;
26;Feminino;2;Português;8,5;9,4;-200;-200;611;75;89;88;;;;;;;;;;;;;
31;Masculino;6;Português;9,0;8,8;24.247;8,6;568;71;70;76;;;;;;;;;;;;;
27;Masculino;5;Português;9,0;8,1;0;8,6;660;86;91;95;;;;;;;;;;;;;
27;Feminino;3;Português;7,3;7,5;0;5,7;543;67;62;70;;;;;;;;;;;;;
25;Masculino;2;Português;6,0;5,0;21.847;10;617;84;80;87;;;;;;;;;;;;;
27;Masculino;1;Português;9,0;8,8;26.654;7,1;724;94;96;97;;;;;;;;;;;;;
26;Masculino;3;Português;7,5;7,5;0;8,6;550;88;40;74;;;;;;;;;;;;;
25;Masculino;2;Português;6,8;6,3;20.750;7,1;613;74;94;88;;;;;;;;;;;;;
25;Masculino;4;Português;6,8;6,9;21.410;8,6;599;90;75;86;;;;;;;;;;;;;
27;Masculino;4;Português;7,0;6,9;22.376;10;630;80;89;89;;;;;;;;;;;;;
27;Masculino;3;Outra;8,3;8,8;-200;-200;615;78;81;81;;;;;;;;;;;;;
26;Masculino;4;Português;7,0;8,1;0;8,6;566;56;81;73;;;;;;;;;;;;;
25;Masculino;2;Português;7,5;7,5;-200;-200;673;94;94;97;;;;;;;;;;;;;
24;Masculino;1;Português;6,0;6,3;-200;-200;631;93;77;92;;;;;;;;;;;;;
28;Feminino;5;Outra;7,8;7,5;22.920;8,6;580;84;57;78;;;;;;;;;;;;;
26;Feminino;2;Português;10,0;10,0;-200;-200;643;70;100;90;;;;;;;;;;;;;
27;Masculino;3;Português;8,8;8,8;0;8,6;743;99;95;99;;;;;;;;;;;;;
27;Masculino;5;Português;9,0;8,1;0;8,6;674;88;92;94;;;;;;;;;;;;;
25;Feminino;2;Português;6,4;7,5;22.579;10;562;38;92;73;;;;;;;;;;;;;
30;Masculino;5;Português;8,8;8,1;27.641;8,6;589;78;82;83;;;;;;;;;;;;;
25;Masculino;2;Português;6,8;6,9;-200;-200;616;78;90;90;;;;;;;;;;;;;
23;Masculino;2;Português;5,5;5,0;24.269;8,6;575;63;82;77;;;;;;;;;;;;;
30;Masculino;5;Português;8,3;8,1;24.295;8,6;586;61;90;82;;;;;;;;;;;;;
22;Feminino;1;Português;8,8;9,4;19.654;7,1;656;91;93;95;;;;;;;;;;;;;
26;Masculino;3;Português;5,7;6,1;29.200;8,6;559;73;59;70;;;;;;;;;;;;;
26;Masculino;2;Português;6,3;5,5;22.042;8,6;612;86;63;82;;;;;;;;;;;;;
24;Masculino;2;Português;6,8;7,5;0;10;645;95;90;93;;;;;;;;;;;;;
24;Masculino;2;Português;7,0;6,9;25.749;8,6;684;97;86;98;;;;;;;;;;;;;
27;Masculino;3;Português;6,8;6,9;20.502;8,6;627;88;75;88;;;;;;;;;;;;;
27;Masculino;5;Português;6,0;5,6;20.790;7,1;655;90;88;94;;;;;;;;;;;;;
29;Masculino;6;Português;6,4;7,5;24.484;8,6;670;80;99;95;;;;;;;;;;;;;
27;Masculino;4;Português;8,0;7,5;26.645;8,6;631;73;96;88;;;;;;;;;;;;;
36;Masculino;18;Português;7,5;8,0;0;8,6;681;88;88;95;;;;;;;;;;;;;
27;Masculino;0;Português;7,3;8,3;-100;7,1;712;96;101;97;;;;;;;;;;;;;
27;Masculino;4;Português;9,3;10,0;26.519;7,1;576;96;34;76;;;;;;;;;;;;;
32;Masculino;7;Português;6,8;6,9;0;8,6;542;51;79;71;;;;;;;;;;;;;
28;Feminino;4;Português;7,0;8,1;-200;-200;601;63;92;83;;;;;;;;;;;;;
24;Masculino;2;Português;8,0;7,9;22.726;8,6;562;83;59;74;;;;;;;;;;;;;
26;Feminino;3;Português;8,0;8,1;0;8,6;585;63;73;71;;;;;;;;;;;;;
25;Feminino;3;Português;7,5;6,9;-200;-200;626;83;90;87;;;;;;;;;;;;;
34;Feminino;7;Português;8,3;7,5;0;8,6;606;74;90;86;;;;;;;;;;;;;
26;Masculino;4;Outra;6,8;7,5;-100;8,6;574;97;44;83;;;;;;;;;;;;;
32;Masculino;5;Outra;5,8;5,6;0;7,1;504;80;23;53;;;;;;;;;;;;;
30;Feminino;8;Português;8,3;8,1;27.806;8,6;683;88;94;96;;;;;;;;;;;;;
27;Masculino;4;Português;6,3;6,3;-100;5,7;640;97;78;95;;;;;;;;;;;;;
31;Masculino;1;Português;7,0;7,5;0;8,6;574;76;63;76;;;;;;;;;;;;;
26;Masculino;3;Português;9,5;8,8;24.171;8,6;561;67;75;76;;;;;;;;;;;;;
24;Feminino;2;Outra;7,3;8,1;0;5,7;627;93;78;93;;;;;;;;;;;;;
26;Feminino;2;Português;8,5;9,4;-200;-200;617;76;88;87;;;;;;;;;;;;;
24;Feminino;2;Outra;7,3;8,1;0;5,7;640;95;79;93;;;;;;;;;;;;;
25;Masculino;2;Português;8,3;7,8;24.193;10;642;94;83;94;;;;;;;;;;;;;
26;Feminino;2;Português;8,5;9,4;-200;-200;619;76;89;88;;;;;;;;;;;;;
28;Masculino;6;Português;8,5;9,4;0;8,6;731;95;98;100;;;;;;;;;;;;;
30;Masculino;5;Português;8,3;8,1;24.348;8,6;585;61;90;82;;;;;;;;;;;;;
28;Masculino;4;Outra;7,3;7,5;-200;-200;644;101;65;92;;;;;;;;;;;;;
30;Masculino;6;Português;7,0;6,9;23.562;7,1;678;84;98;96;;;;;;;;;;;;;
26;Feminino;3;Português;7,1;6,3;0;7,1;581;46;88;72;;;;;;;;;;;;;
27;Masculino;3;Português;8,3;8,1;24.805;7,1;643;92;74;90;;;;;;;;;;;;;
25;Masculino;2;Português;6,0;6,9;0;8,6;729;95;93;101;;;;;;;;;;;;;
29;Masculino;7;Português;5,6;8,1;22.560;7,1;727;94;97;99;;;;;;;;;;;;;
25;Masculino;3;Português;8,8;8,1;24.961;8,6;594;83;73;84;;;;;;;;;;;;;
32;Masculino;4;Outra;6,5;6,3;-100;4,3;578;90;42;74;;;;;;;;;;;;;
23;Masculino;2;Português;5,5;5,0;24.277;8,6;577;63;82;77;;;;;;;;;;;;;
37;Feminino;9;Português;8,5;8,8;0;8,6;581;45;90;71;;;;;;;;;;;;;
24;Masculino;2;Português;8,0;7,9;22.693;8,6;561;83;59;74;;;;;;;;;;;;;
28;Masculino;3;Português;6,4;7,5;22.348;8,6;580;71;70;79;;;;;;;;;;;;;
26;Masculino;4;Português;7,0;8,1;0;8,6;560;57;81;73;;;;;;;;;;;;;
25;Masculino;3;Outra;7,3;8,1;-200;-200;620;91;70;91;;;;;;;;;;;;;
35;Masculino;8;Português;8,3;10,0;0;8,6;591;72;72;77;;;;;;;;;;;;;
25;Masculino;3;Português;7,3;7,5;0;8,6;560;71;58;69;;;;;;;;;;;;;
26;Feminino;4;Português;8,3;8,1;-200;-200;653;85;96;94;;;;;;;;;;;;;
31;Feminino;10;Português;8,3;9,4;0;10;552;60;79;74;;;;;;;;;;;;;
29;Masculino;4;Outra;7,8;6,7;-100;5,7;567;91;48;80;;;;;;;;;;;;;
30;Masculino;8;Português;8,8;7,5;24.599;10;624;61;95;86;;;;;;;;;;;;;
25;Feminino;2;Português;8,3;9,4;0;8,6;636;90;90;94;;;;;;;;;;;;;
24;Masculino;1;Português;8,3;6,7;0;10;565;57;80;74;;;;;;;;;;;;;
32;Masculino;7;Português;9,0;9,4;0;8,6;641;81;90;89;;;;;;;;;;;;;
24;Feminino;2;Português;7,0;7,5;0;10;702;98;96;99;;;;;;;;;;;;;
32;Masculino;4;Outra;6,5;6,3;-100;4,3;574;90;42;73;;;;;;;;;;;;;
29;Masculino;6;Português;6,4;7,5;24.431;8,6;668;80;99;95;;;;;;;;;;;;;
27;Masculino;4;Português;8,0;7,5;26.598;8,6;632;73;96;88;;;;;;;;;;;;;
31;Masculino;4;Português;8,0;8,5;-100;8,6;659;81;98;97;;;;;;;;;;;;;
27;Masculino;4;Português;8,0;7,5;-200;-200;634;88;83;90;;;;;;;;;;;;;
25;Feminino;2;Português;7,8;8,2;23.232;7,1;620;88;75;86;;;;;;;;;;;;;
25;Masculino;3;Português;6,5;6,9;-200;-200;603;66;83;82;;;;;;;;;;;;;
25;Feminino;3;Português;7,5;8,1;0;5,7;564;60;84;76;;;;;;;;;;;;;
24;Feminino;2;Português;7,5;8,1;23.101;7,1;592;73;70;79;;;;;;;;;;;;;
32;Masculino;5;Outra;5,8;5,6;0;7,1;500;79;23;52;;;;;;;;;;;;;
27;Feminino;4;Português;8,8;10,0;-200;-200;667;70;99;96;;;;;;;;;;;;;
24;Masculino;2;Português;5,8;6,3;22.688;8,6;562;75;61;74;;;;;;;;;;;;;
24;Feminino;2;Português;5,7;8,1;22.739;10;673;84;99;97;;;;;;;;;;;;;
24;Masculino;2;Português;7,7;8,8;0;8,6;574;80;56;77;;;;;;;;;;;;;
26;Masculino;4;Português;8,0;7,9;29.945;10;649;88;88;92;;;;;;;;;;;;;
25;Masculino;4;Português;6,8;6,9;21.437;8,6;601;90;75;86;;;;;;;;;;;;;
24;Feminino;2;Português;7,5;8,1;23.054;7,1;592;73;70;79;;;;;;;;;;;;;
25;Masculino;1;Português;7,3;8,1;0;8,6;702;100;91;96;;;;;;;;;;;;;
27;Masculino;5;Português;7,8;8,1;0;7,1;727;100;94;101;;;;;;;;;;;;;
26;Masculino;3;Outra;6,5;7,5;-100;4,3;542;87;45;71;;;;;;;;;;;;;
25;Masculino;3;Português;7,5;7,5;-200;-200;694;96;89;94;;;;;;;;;;;;;
26;Masculino;3;Português;7,3;6,9;0;8,6;615;80;81;87;;;;;;;;;;;;;
27;Masculino;4;Português;8,5;8,1;-200;-200;591;92;60;83;;;;;;;;;;;;;
31;Masculino;8;Português;7,8;7,5;21.537;8,6;540;59;61;64;;;;;;;;;;;;;
27;Masculino;3;Português;8,8;7,5;27.604;7,1;608;68;85;84;;;;;;;;;;;;;
29;Masculino;3;Português;6,5;5,4;23.142;10;624;73;95;90;;;;;;;;;;;;;
28;Feminino;5;Outra;7,8;7,5;22.954;8,6;581;84;57;78;;;;;;;;;;;;;
25;Masculino;2;Português;8,6;9,2;-200;-200;661;101;82;96;;;;;;;;;;;;;
26;Masculino;3;Português;6,3;5,6;-200;-200;584;89;58;81;;;;;;;;;;;;;
27;Masculino;3;Português;8,8;7,5;27.611;7,1;607;68;85;84;;;;;;;;;;;;;
24;Masculino;2;Português;9,8;9,4;0;8,6;637;81;90;90;;;;;;;;;;;;;
27;Masculino;2;Português;8,3;8,8;21.239;8,6;695;95;97;99;;;;;;;;;;;;;
26;Feminino;3;Português;6,5;6,3;-200;-200;677;97;80;95;;;;;;;;;;;;;
30;Feminino;6;Português;9,3;9,0;24.429;8,6;674;95;86;95;;;;;;;;;;;;;
25;Masculino;1;Português;9,0;9,4;37.439;7,1;689;97;94;97;;;;;;;;;;;;;
24;Feminino;2;Português;9,0;9,4;-100;7,1;696;92;97;99;;;;;;;;;;;;;
26;Feminino;4;Português;8,3;8,1;22.016;7,1;581;57;90;80;;;;;;;;;;;;;
25;Feminino;1;Português;8,3;8,8;21.801;7,1;572;53;80;71;;;;;;;;;;;;;
25;Masculino;4;Português;6,8;8,1;-200;-200;607;88;63;82;;;;;;;;;;;;;
27;Masculino;3;Português;7,5;6,9;0;8,6;586;61;88;80;;;;;;;;;;;;;
24;Masculino;1;Português;7,8;8,8;0;7,1;622;82;84;87;;;;;;;;;;;;;
26;Masculino;3;Português;8,8;8,8;-200;-200;717;96;96;98;;;;;;;;;;;;;
24;Feminino;2;Português;5,5;6,0;23.002;8,6;616;78;77;85;;;;;;;;;;;;;
27;Feminino;5;Português;6,8;8,1;0;8,6;622;81;87;90;;;;;;;;;;;;;
43;Masculino;16;Português;7,8;7,5;0;7,1;626;83;86;90;;;;;;;;;;;;;
29;Feminino;4;Português;7,0;7,5;0;7,1;683;88;99;99;;;;;;;;;;;;;
25;Masculino;2;Português;6,5;5,4;21.128;10;652;99;72;95;;;;;;;;;;;;;
26;Masculino;2;Português;6,3;5,5;22.145;8,6;612;86;63;82;;;;;;;;;;;;;
26;Masculino;4;Português;5,3;5,0;0;8,6;456;27;47;35;;;;;;;;;;;;;
32;Masculino;4;Outra;6,5;6,3;-100;4,3;590;91;42;75;;;;;;;;;;;;;
23;Feminino;2;Português;8,5;7,5;23.107;10;657;92;82;92;;;;;;;;;;;;;
25;Masculino;2;Português;8,5;8,8;0;7,1;620;90;75;88;;;;;;;;;;;;;
28;Feminino;4;Outra;7,8;9,4;-200;-200;456;50;23;44;;;;;;;;;;;;;
25;Feminino;3;Português;7,5;8,1;0;5,7;558;60;82;77;;;;;;;;;;;;;
30;Masculino;2;Português;8,6;9,6;0;8,6;664;87;93;92;;;;;;;;;;;;;
31;Masculino;4;Português;7,7;7,5;23.111;8,6;562;69;68;73;;;;;;;;;;;;;
30;Feminino;8;Português;8,3;8,1;27.747;8,6;682;88;94;96;;;;;;;;;;;;;
25;Feminino;2;Outra;7,5;8,1;-200;-200;642;98;82;92;;;;;;;;;;;;;
25;Feminino;2;Português;7,8;8,2;21.130;7,1;618;88;75;88;;;;;;;;;;;;;
28;Masculino;4;Português;6,4;7,5;24.933;8,6;573;57;85;74;;;;;;;;;;;;;
25;Feminino;3;Português;9,0;9,2;22.028;4,3;534;49;61;62;;;;;;;;;;;;;
28;Feminino;4;Outra;7,8;9,4;-200;-200;459;51;23;45;;;;;;;;;;;;;
23;Feminino;2;Português;8,5;7,5;0;10;608;79;88;86;;;;;;;;;;;;;
24;Masculino;2;Português;8,0;7,9;22.181;10;562;51;82;71;;;;;;;;;;;;;
29;Masculino;3;Português;9,1;8,3;0;7,1;589;55;88;77;;;;;;;;;;;;;
30;Feminino;8;Português;8,3;8,1;27.772;8,6;683;88;94;96;;;;;;;;;;;;;
24;Masculino;1;Português;6,8;8,1;-100;7,1;634;90;87;91;;;;;;;;;;;;;
26;Masculino;2;Português;8,9;10,0;-200;-200;737;98;101;100;;;;;;;;;;;;;
25;Masculino;3;Português;7,5;7,5;-100;7,1;693;88;99;99;;;;;;;;;;;;;
24;Masculino;2;Português;7,0;6,9;0;10;706;98;97;97;;;;;;;;;;;;;
30;Masculino;2;Português;8,6;9,6;0;8,6;678;86;95;93;;;;;;;;;;;;;
24;Feminino;2;Português;9,0;9,4;-100;7,1;680;93;95;98;;;;;;;;;;;;;
27;Masculino;4;Português;8,0;7,5;-200;-200;620;90;84;89;;;;;;;;;;;;;
28;Feminino;5;Português;8,5;9,4;21.344;7,1;609;53;97;86;;;;;;;;;;;;;
37;Feminino;9;Português;8,5;8,8;0;8,6;560;45;90;70;;;;;;;;;;;;;
27;Masculino;2;Português;8,8;10,0;-200;-200;649;79;89;92;;;;;;;;;;;;;
25;Masculino;2;Português;6,8;6,9;-200;-200;604;77;89;91;;;;;;;;;;;;;
33;Masculino;10;Outra;8,8;8,8;27.273;10;626;73;88;88;;;;;;;;;;;;;
25;Feminino;2;Português;6,4;7,5;22.632;10;562;38;92;73;;;;;;;;;;;;;
28;Masculino;4;Português;8,0;7,5;0;8,6;607;82;91;90;;;;;;;;;;;;;
24;Feminino;2;Português;6,4;7,5;23.157;8,6;589;90;66;84;;;;;;;;;;;;;
26;Masculino;3;Português;6,8;7,5;-200;-200;639;84;85;89;;;;;;;;;;;;;
27;Masculino;4;Português;9,3;10,0;26.501;7,1;575;96;34;76;;;;;;;;;;;;;
25;Masculino;1;Português;5,1;5,0;0;10;674;102;87;99;;;;;;;;;;;;;
27;Masculino;2;Português;7,8;8,8;-100;5,7;710;97;98;101;;;;;;;;;;;;;
25;Feminino;2;Português;6,4;7,5;22.629;10;563;38;92;73;;;;;;;;;;;;;
25;Masculino;2;Português;8,6;9,2;-200;-200;672;98;81;98;;;;;;;;;;;;;
30;Masculino;5;Outra;6,1;6,9;-100;5,7;551;78;46;68;;;;;;;;;;;;;
34;Masculino;16;Português;7,5;7,5;24.194;7,1;539;73;59;68;;;;;;;;;;;;;
23;Masculino;2;Português;5,5;5,0;24.349;8,6;575;63;82;78;;;;;;;;;;;;;
24;Masculino;2;Português;8,8;10,0;0;8,6;614;90;74;87;;;;;;;;;;;;;
22;Masculino;1;Português;7,5;7,5;0;7,1;605;96;52;82;;;;;;;;;;;;;
24;Masculino;3;Português;6,4;7,5;23.116;8,6;700;99;93;99;;;;;;;;;;;;;
27;Masculino;1;Português;9,0;8,8;26.664;7,1;724;94;97;97;;;;;;;;;;;;;
24;Masculino;2;Português;9,8;9,4;0;8,6;654;81;90;90;;;;;;;;;;;;;
24;Masculino;2;Português;6,3;6,9;-200;-200;600;82;80;86;;;;;;;;;;;;;
25;Masculino;2;Outra;6,3;6,9;-100;5,7;609;95;39;81;;;;;;;;;;;;;
29;Masculino;6;Português;6,4;7,5;24.423;8,6;668;80;99;94;;;;;;;;;;;;;
24;Feminino;2;Outra;7,3;8,1;0;5,7;642;93;81;93;;;;;;;;;;;;;
39;Feminino;5;Português;8,3;8,1;0;7,1;693;88;97;99;;;;;;;;;;;;;
26;Masculino;4;Português;6,8;8,0;-100;7,1;627;87;84;92;;;;;;;;;;;;;
28;Masculino;4;Português;6,4;7,5;25.010;8,6;574;57;85;74;;;;;;;;;;;;;
25;Masculino;3;Português;6,5;6,9;-200;-200;611;66;80;82;;;;;;;;;;;;;
24;Masculino;2;Português;8,3;8,1;0;8,6;654;101;81;95;;;;;;;;;;;;;
29;Masculino;5;Português;8,2;8,5;0;7,1;499;58;49;54;;;;;;;;;;;;;
24;Masculino;1;Português;7,8;8,8;0;7,1;620;82;83;85;;;;;;;;;;;;;
24;Masculino;2;Português;8,3;8,1;0;8,6;661;99;79;96;;;;;;;;;;;;;
24;Masculino;2;Português;7,5;6,9;22.204;8,6;503;79;29;53;;;;;;;;;;;;;
27;Masculino;3;Português;6,8;7,5;-200;-200;604;80;84;81;;;;;;;;;;;;;
27;Masculino;3;Português;8,5;8,1;0;8,6;583;75;69;79;;;;;;;;;;;;;
31;Masculino;7;Português;6,8;6,9;-100;4,3;633;81;91;95;;;;;;;;;;;;;
24;Masculino;2;Português;8,0;7,9;22.681;8,6;563;83;59;74;;;;;;;;;;;;;
24;Masculino;1;Português;7,3;7,5;0;8,6;610;90;63;84;;;;;;;;;;;;;
39;Masculino;16;Português;9,0;8,8;25.853;10;592;73;82;82;;;;;;;;;;;;;
27;Masculino;4;Português;6,0;6,3;-100;8,6;792;100;100;98;;;;;;;;;;;;;
27;Feminino;2;Português;8,3;8,1;19.620;8,6;697;93;97;96;;;;;;;;;;;;;
43;Masculino;16;Português;7,8;7,5;0;7,1;642;82;85;88;;;;;;;;;;;;;
23;Masculino;2;Português;6,3;5,0;17.667;8,6;652;82;98;95;;;;;;;;;;;;;
24;Masculino;2;Português;7,0;6,9;0;10;710;95;97;100;;;;;;;;;;;;;
25;Masculino;3;Português;7,5;7,5;-100;7,1;685;89;98;96;;;;;;;;;;;;;
23;Masculino;2;Português;7,5;7,5;0;10;637;90;86;93;;;;;;;;;;;;;
27;Feminino;5;Português;7,0;8,1;0;8,6;549;62;73;74;;;;;;;;;;;;;
25;Feminino;3;Português;6,9;5,0;19.626;8,6;714;94;99;99;;;;;;;;;;;;;
26;Masculino;3;Outra;6,5;7,5;-100;4,3;552;88;44;71;;;;;;;;;;;;;
27;Feminino;4;Português;8,3;8,1;-100;5,7;575;64;83;76;;;;;;;;;;;;;
24;Feminino;2;Português;5,7;8,1;22.734;10;673;84;99;97;;;;;;;;;;;;;
24;Masculino;1;Português;7,3;7,5;0;8,6;600;90;62;85;;;;;;;;;;;;;
28;Feminino;4;Português;7,0;8,1;-200;-200;612;63;94;86;;;;;;;;;;;;;
26;Masculino;3;Português;7,5;7,5;-100;1,4;681;92;93;98;;;;;;;;;;;;;
27;Masculino;2;Outra;7,0;6,9;22.567;8,6;674;97;91;98;;;;;;;;;;;;;
24;Feminino;2;Português;7,0;7,5;0;10;715;97;98;97;;;;;;;;;;;;;
24;Masculino;2;Português;7,8;7,5;33.756;8,6;606;89;73;88;;;;;;;;;;;;;
25;Feminino;2;Português;7,0;6,9;23.008;8,6;643;83;88;88;;;;;;;;;;;;;
35;Masculino;12;Português;7,7;8,1;0;7,1;625;64;94;90;;;;;;;;;;;;;
27;Masculino;3;Português;8,3;8,1;24.773;7,1;643;92;74;90;;;;;;;;;;;;;
31;Masculino;7;Português;6,8;6,9;-100;4,3;644;80;91;93;;;;;;;;;;;;;
25;Masculino;3;Português;8,2;7,8;21.809;8,6;611;85;70;87;;;;;;;;;;;;;
29;Masculino;7;Português;7,8;9,2;0;7,1;592;90;60;85;;;;;;;;;;;;;
25;Masculino;2;Português;6,0;5,0;21.854;10;619;84;80;87;;;;;;;;;;;;;
23;Feminino;1;Português;7,1;6,9;18.023;7,1;517;42;66;59;;;;;;;;;;;;;
25;Masculino;1;Português;5,1;5,0;0;10;690;99;88;97;;;;;;;;;;;;;
24;Feminino;2;Português;7,0;7,5;0;10;696;97;97;102;;;;;;;;;;;;;
29;Masculino;3;Português;7,3;7,0;-100;5,7;640;87;84;91;;;;;;;;;;;;;
27;Masculino;1;Português;6,8;6,9;0;7,1;559;87;59;78;;;;;;;;;;;;;
25;Masculino;1;Português;7,3;8,1;0;8,6;696;99;92;96;;;;;;;;;;;;;
27;Masculino;2;Português;7,3;7,5;0;8,6;641;88;83;92;;;;;;;;;;;;;
26;Masculino;3;Português;8,8;8,8;-200;-200;720;97;95;100;;;;;;;;;;;;;
25;Masculino;3;Português;7,5;7,5;-100;7,1;681;88;99;97;;;;;;;;;;;;;
48;Masculino;22;Português;9,5;10,0;0;8,6;591;85;60;81;;;;;;;;;;;;;
23;Feminino;1;Português;7,1;6,9;18.062;7,1;517;42;66;59;;;;;;;;;;;;;
26;Masculino;4;Português;6,8;6,3;-200;-200;681;97;80;94;;;;;;;;;;;;;
27;Masculino;3;Outra;8,3;8,8;-200;-200;608;76;79;83;;;;;;;;;;;;;
26;Masculino;3;Português;8,0;7,9;24.300;8,6;696;83;97;97;;;;;;;;;;;;;
26;Feminino;2;Português;10,0;10,0;-200;-200;631;70;98;91;;;;;;;;;;;;;
30;Masculino;8;Português;8,8;7,5;24.547;10;623;61;95;86;;;;;;;;;;;;;
27;Masculino;4;Português;6,8;7,5;-200;-200;616;46;100;86;;;;;;;;;;;;;
24;Masculino;2;Português;8,5;9,2;23.013;8,6;568;82;49;70;;;;;;;;;;;;;
43;Masculino;22;Português;7,3;8,1;0;7,1;479;49;42;44;;;;;;;;;;;;;
24;Masculino;1;Português;6,0;6,3;-200;-200;641;92;79;90;;;;;;;;;;;;;
25;Masculino;3;Português;8,8;8,8;24.122;8,6;559;75;49;67;;;;;;;;;;;;;
23;Masculino;1;Português;7,0;6,3;0;7,1;726;94;97;99;;;;;;;;;;;;;
33;Masculino;10;Outra;8,8;8,8;27.297;10;626;73;88;88;;;;;;;;;;;;;
29;Masculino;6;Português;7,8;7,5;-100;7,1;599;69;83;82;;;;;;;;;;;;;
26;Masculino;4;Português;5,3;5,0;0;8,6;465;27;48;36;;;;;;;;;;;;;
25;Masculino;3;Português;7,5;7,5;-100;7,1;692;90;99;97;;;;;;;;;;;;;
24;Masculino;2;Português;8,0;7,9;22.147;10;562;51;82;71;;;;;;;;;;;;;
30;Masculino;5;Outra;6,1;6,9;-100;5,7;564;78;47;67;;;;;;;;;;;;;
28;Feminino;6;Português;9,0;8,8;25.355;7,1;654;88;80;90;;;;;;;;;;;;;
35;Masculino;8;Português;8,0;8,1;0;7,1;549;42;76;65;;;;;;;;;;;;;
28;Feminino;5;Português;9,0;10,0;0;7,1;544;76;51;64;;;;;;;;;;;;;
28;Feminino;6;Português;9,0;8,8;25.295;7,1;654;88;80;90;;;;;;;;;;;;;
24;Masculino;2;Português;8,8;10,0;0;8,6;607;89;72;88;;;;;;;;;;;;;
24;Feminino;2;Português;6,0;5,0;14.730;10;560;54;77;70;;;;;;;;;;;;;
26;Masculino;2;Português;8,6;8,8;24.102;7,1;590;80;72;79;;;;;;;;;;;;;
24;Masculino;2;Português;6,8;7,1;24.263;7,1;596;88;53;79;;;;;;;;;;;;;
33;Masculino;10;Outra;8,8;8,8;27.280;10;626;73;88;88;;;;;;;;;;;;;
26;Masculino;3;Português;7,5;7,5;-100;1,4;688;91;92;98;;;;;;;;;;;;;
24;Masculino;1;Português;7,8;8,8;0;7,1;616;81;85;86;;;;;;;;;;;;;
28;Masculino;4;Português;6,4;7,5;22.715;10;595;88;68;87;;;;;;;;;;;;;
27;Masculino;5;Português;7,8;8,1;0;7,1;734;99;94;99;;;;;;;;;;;;;
26;Masculino;4;Português;6,8;8,0;-100;7,1;635;86;83;91;;;;;;;;;;;;;
31;Masculino;4;Outra;6,0;5,8;23.979;8,6;535;76;46;63;;;;;;;;;;;;;
36;Masculino;18;Português;7,5;8,0;0;8,6;667;88;88;94;;;;;;;;;;;;;
23;Masculino;2;Português;8,0;7,9;22.718;8,6;592;73;80;79;;;;;;;;;;;;;
27;Masculino;0;Português;7,3;8,3;-100;7,1;718;96;99;99;;;;;;;;;;;;;
27;Masculino;3;Português;8,8;7,5;27.596;7,1;607;68;85;84;;;;;;;;;;;;;
26;Masculino;3;Português;9,5;8,8;24.125;8,6;562;67;75;76;;;;;;;;;;;;;
25;Masculino;1;Português;8,3;8,8;22.129;10;666;79;94;94;;;;;;;;;;;;;
26;Masculino;2;Português;5,5;5,6;0;8,6;626;75;76;82;;;;;;;;;;;;;
25;Feminino;2;Português;5,7;8,1;22.663;8,6;589;71;70;79;;;;;;;;;;;;;
31;Masculino;8;Português;7,8;7,5;21.509;8,6;540;59;61;64;;;;;;;;;;;;;
29;Masculino;3;Português;6,5;5,4;23.210;10;621;73;96;90;;;;;;;;;;;;;
24;Masculino;2;Português;7,5;6,9;22.183;8,6;504;79;29;53;;;;;;;;;;;;;
24;Masculino;2;Português;8,8;10,0;0;8,6;597;90;73;89;;;;;;;;;;;;;
26;Feminino;3;Português;6,5;6,3;-200;-200;697;99;79;96;;;;;;;;;;;;;
31;Masculino;8;Português;5,5;7,5;-200;-200;760;99;97;101;;;;;;;;;;;;;
26;Masculino;3;Português;5,7;6,1;29.252;8,6;557;73;59;70;;;;;;;;;;;;;
22;Feminino;1;Português;8,8;9,4;19.700;7,1;656;91;93;95;;;;;;;;;;;;;
25;Masculino;2;Outra;8,0;8,1;-200;-200;660;100;76;93;;;;;;;;;;;;;
24;Masculino;2;Português;5,8;6,3;22.663;8,6;563;76;61;74;;;;;;;;;;;;;
25;Masculino;3;Português;6,8;7,5;-100;8,6;673;93;82;93;;;;;;;;;;;;;
25;Masculino;3;Português;6,8;7,5;-100;8,6;666;94;84;95;;;;;;;;;;;;;
25;Masculino;3;Português;8,8;8,1;25.068;8,6;597;83;73;84;;;;;;;;;;;;;
26;Feminino;4;Português;8,3;8,1;21.994;7,1;579;57;91;80;;;;;;;;;;;;;
24;Feminino;2;Português;6,8;6,3;0;8,6;637;96;69;91;;;;;;;;;;;;;
28;Masculino;4;Português;8,0;7,5;0;8,6;620;83;92;90;;;;;;;;;;;;;
30;Masculino;5;Português;8,5;7,0;-100;8,6;647;80;85;87;;;;;;;;;;;;;
25;Masculino;2;Português;6,0;5,0;21.861;10;618;84;80;87;;;;;;;;;;;;;
29;Masculino;4;Outra;7,8;6,7;-100;5,7;573;90;49;79;;;;;;;;;;;;;
25;Masculino;2;Português;7,5;6,9;-200;-200;689;93;94;98;;;;;;;;;;;;;
25;Masculino;2;Português;6,8;6,9;-200;-200;623;77;88;91;;;;;;;;;;;;;
25;Feminino;2;Português;8,3;9,4;0;8,6;650;91;87;93;;;;;;;;;;;;;
24;Masculino;1;Português;7,8;8,8;0;7,1;630;82;87;85;;;;;;;;;;;;;
24;Masculino;2;Português;8,0;7,9;22.701;8,6;561;83;59;74;;;;;;;;;;;;;
29;Masculino;1;Português;7,5;7,5;0;8,6;671;95;86;93;;;;;;;;;;;;;
24;Masculino;2;Português;9,8;9,4;0;8,6;626;83;90;92;;;;;;;;;;;;;
27;Feminino;3;Português;7,3;7,5;0;5,7;546;66;61;68;;;;;;;;;;;;;
24;Masculino;2;Português;7,0;6,9;25.765;8,6;686;97;86;98;;;;;;;;;;;;;
23;Masculino;2;Português;7,5;7,5;0;10;644;90;86;95;;;;;;;;;;;;;
23;Feminino;2;Português;8,5;7,5;23.064;10;655;92;82;92;;;;;;;;;;;;;
27;Masculino;4;Português;5,3;6,3;0;7,1;621;96;81;91;;;;;;;;;;;;;
27;Feminino;5;Português;7,0;8,1;0;8,6;548;62;73;74;;;;;;;;;;;;;
24;Feminino;2;Português;7,5;8,1;23.103;7,1;592;73;70;79;;;;;;;;;;;;;
28;Feminino;5;Português;8,5;9,4;21.370;7,1;611;53;97;86;;;;;;;;;;;;;
25;Masculino;2;Português;7,5;6,9;-200;-200;674;93;94;99;;;;;;;;;;;;;
29;Masculino;8;Português;6,3;7,5;23.414;8,6;642;93;89;94;;;;;;;;;;;;;
34;Feminino;7;Português;8,3;7,5;0;8,6;608;75;88;89;;;;;;;;;;;;;
27;Masculino;1;Português;8,3;7,5;-100;7,1;653;86;85;89;;;;;;;;;;;;;
25;Masculino;2;Português;8,3;7,8;24.156;10;642;94;83;94;;;;;;;;;;;;;
28;Masculino;3;Português;6,4;7,5;22.340;8,6;581;71;70;79;;;;;;;;;;;;;
24;Masculino;1;Português;8,3;6,7;0;10;572;58;82;74;;;;;;;;;;;;;
40;Feminino;15;Outra;5,8;6,1;50.683;8,6;507;61;46;52;;;;;;;;;;;;;
25;Masculino;2;Português;6,5;5,4;21.166;10;654;99;72;95;;;;;;;;;;;;;
34;Masculino;11;Português;7,0;7,5;0;8,6;598;78;82;85;;;;;;;;;;;;;
25;Masculino;2;Português;7,8;5,8;-200;-200;597;79;71;79;;;;;;;;;;;;;
27;Masculino;3;Português;7,5;7,5;24.225;7,1;622;82;88;88;;;;;;;;;;;;;
36;Masculino;18;Português;7,5;8,0;0;8,6;656;90;88;95;;;;;;;;;;;;;
26;Masculino;3;Português;7,5;7,5;0;8,6;553;88;40;73;;;;;;;;;;;;;
27;Masculino;4;Outra;6,8;6,3;0;7,1;615;96;46;84;;;;;;;;;;;;;
27;Masculino;3;Português;7,5;6,9;0;8,6;586;61;88;80;;;;;;;;;;;;;
26;Masculino;3;Português;6,3;6,9;-100;8,6;557;82;58;76;;;;;;;;;;;;;
27;Masculino;4;Português;6,0;6,3;-100;8,6;768;100;99;98;;;;;;;;;;;;;
25;Masculino;4;Português;6,8;8,1;-200;-200;603;92;63;83;;;;;;;;;;;;;
27;Masculino;4;Português;9,3;10,0;26.471;7,1;575;96;34;76;;;;;;;;;;;;;
24;Masculino;0;Outra;7,8;7,5;0;7,1;547;74;64;70;;;;;;;;;;;;;
26;Feminino;3;Português;8,0;8,1;0;8,6;572;63;73;73;;;;;;;;;;;;;
23;Feminino;1;Português;7,1;6,9;18.046;7,1;517;42;66;59;;;;;;;;;;;;;
30;Feminino;6;Português;9,3;9,0;24.505;8,6;675;94;86;94;;;;;;;;;;;;;
27;Feminino;4;Português;8,3;8,1;-100;5,7;576;65;83;76;;;;;;;;;;;;;
24;Feminino;2;Português;5,7;8,1;22.705;10;672;84;100;97;;;;;;;;;;;;;
22;Feminino;1;Português;8,8;9,4;19.665;7,1;655;91;93;95;;;;;;;;;;;;;
27;Masculino;3;Português;8,8;7,5;27.637;7,1;608;68;85;84;;;;;;;;;;;;;
24;Feminino;2;Português;5,5;6,0;23.024;8,6;617;78;77;86;;;;;;;;;;;;;
26;Feminino;3;Outra;7,5;6,9;22.677;7,1;567;92;36;74;;;;;;;;;;;;;
32;Masculino;7;Português;6,8;6,9;0;8,6;544;51;76;72;;;;;;;;;;;;;
27;Masculino;2;Português;8,3;8,8;21.216;8,6;694;95;97;99;;;;;;;;;;;;;
26;Feminino;2;Português;5,5;6,2;23.026;10;653;90;83;94;;;;;;;;;;;;;
30;Masculino;8;Português;8,8;7,5;24.530;10;622;61;95;86;;;;;;;;;;;;;
22;Masculino;1;Português;7,5;7,5;0;7,1;613;96;53;82;;;;;;;;;;;;;
30;Masculino;4;Português;7,5;7,5;0;7,1;658;94;88;94;;;;;;;;;;;;;
26;Feminino;2;Português;10,0;10,0;-200;-200;641;68;99;91;;;;;;;;;;;;;
26;Masculino;3;Português;9,5;8,8;24.139;8,6;562;67;75;76;;;;;;;;;;;;;
25;Masculino;2;Português;8,5;8,8;0;7,1;632;90;74;88;;;;;;;;;;;;;
40;Feminino;15;Outra;5,8;6,1;50.660;8,6;507;61;46;52;;;;;;;;;;;;;
27;Masculino;2;Português;6,8;6,9;-200;-200;572;54;80;71;;;;;;;;;;;;;
27;Feminino;5;Português;6,8;8,1;0;8,6;620;83;88;88;;;;;;;;;;;;;
24;Masculino;0;Outra;7,8;7,5;0;7,1;548;74;64;71;;;;;;;;;;;;;
24;Masculino;1;Português;7,5;8,1;26.515;8,6;621;85;80;88;;;;;;;;;;;;;
26;Masculino;2;Português;6,3;5,5;22.097;8,6;611;86;63;82;;;;;;;;;;;;;
27;Masculino;3;Português;8,8;8,8;0;8,6;754;100;94;99;;;;;;;;;;;;;
27;Masculino;4;Português;5,3;6,3;0;7,1;621;92;79;92;;;;;;;;;;;;;
26;Masculino;4;Português;7,0;8,1;0;8,6;554;57;80;73;;;;;;;;;;;;;
24;Masculino;2;Português;6,8;7,1;24.170;7,1;593;88;53;79;;;;;;;;;;;;;
27;Feminino;2;Português;8,3;8,1;19.658;8,6;697;93;97;97;;;;;;;;;;;;;
26;Masculino;2;Português;6,5;5,0;0;7,1;679;92;89;95;;;;;;;;;;;;;
28;Masculino;6;Português;8,5;9,4;0;8,6;726;95;97;99;;;;;;;;;;;;;
25;Masculino;2;Português;8,2;9,4;0;7,1;671;91;82;94;;;;;;;;;;;;;
25;Feminino;3;Português;7,5;6,9;-200;-200;628;84;87;90;;;;;;;;;;;;;
27;Feminino;5;Português;6,8;8,1;0;8,6;622;84;88;89;;;;;;;;;;;;;
26;Feminino;3;Outra;7,5;6,9;22.708;7,1;567;92;36;74;;;;;;;;;;;;;
25;Feminino;2;Português;8,3;9,4;0;8,6;635;90;90;93;;;;;;;;;;;;;
34;Masculino;12;Português;6,8;7,5;0;7,1;612;81;79;87;;;;;;;;;;;;;
26;Masculino;3;Português;5,7;6,1;29.282;8,6;556;73;59;70;;;;;;;;;;;;;
39;Masculino;16;Português;9,0;8,8;25.833;10;593;73;82;82;;;;;;;;;;;;;
26;Feminino;3;Português;6,5;6,3;-200;-200;684;97;80;94;;;;;;;;;;;;;
23;Feminino;1;Português;7,1;6,9;18.073;7,1;516;42;66;59;;;;;;;;;;;;;
31;Masculino;4;Outra;6,0;5,8;23.877;8,6;536;76;46;63;;;;;;;;;;;;;
28;Masculino;4;Português;7,8;8,1;-100;4,3;644;95;84;98;;;;;;;;;;;;;
24;Masculino;2;Português;8,0;7,9;22.127;10;561;51;82;71;;;;;;;;;;;;;
26;Feminino;1;Português;7,8;8,2;18.801;10;674;86;94;96;;;;;;;;;;;;;
26;Feminino;1;Português;7,8;8,2;18.835;10;674;86;94;96;;;;;;;;;;;;;
27;Feminino;4;Português;8,8;10,0;-200;-200;671;69;100;95;;;;;;;;;;;;;
23;Masculino;2;Português;6,3;5,0;17.709;8,6;652;82;97;96;;;;;;;;;;;;;
28;Feminino;5;Português;9,0;10,0;0;7,1;557;77;51;63;;;;;;;;;;;;;
25;Masculino;3;Português;5,5;6,3;26.588;7,1;527;80;44;64;;;;;;;;;;;;;
26;Masculino;3;Português;8,0;7,9;24.183;8,6;695;83;97;97;;;;;;;;;;;;;
